web_scraper_order,web_scraper_start_url,price,price2,price3,price4,price5,price6,price7,data,data2,data3,data4,data5,price8,price9,data6,data7,price10,data8,data9,price11,price12,price13,data10,image,image2,image3
"1771928368-1","https://www.ikea.com/rs/sr/cat/posude-za-hranu-15937/?page=7","Posuda za hranu s poklopcem, pravougaono staklo/plastika, 1.0 l","IKEA 365+","(4711)","549","Cena 549RSD","Cena 549RSD","","","","","","Uporedi","549","RSD","Na zalihama u Beograd","","RSD","","","","","","","https://www.ikea.com/rs/sr/images/products/ikea-365-posuda-za-hranu-s-poklopcem-pravougaono-staklo-plastika__0594322_pe675641_s5.jpg?f=xxs","https://www.ikea.com/rs/sr/images/products/ikea-365-posuda-za-hranu-s-poklopcem-pravougaono-staklo-plastika__0594322_pe675641_s5.jpg?f=xxs","https://www.ikea.com/rs/sr/images/products/ikea-365-posuda-za-hranu-s-poklopcem-pravougaono-staklo-plastika__1414273_pe974748_s5.jpg?f=xxs"
"1771928368-2","https://www.ikea.com/rs/sr/cat/posude-za-hranu-15937/?page=7","Posuda za hranu s poklopcem, pravougaono staklo/bambus, 1.0 l","IKEA 365+","(931)","599","Cena 599RSD","Cena 599RSD","","","","","","Uporedi","599","RSD","Na zalihama u Beograd","","RSD","","","","","","","https://www.ikea.com/rs/sr/images/products/ikea-365-posuda-za-hranu-s-poklopcem-pravougaono-staklo-bambus__0594317_pe675640_s5.jpg?f=xxs","https://www.ikea.com/rs/sr/images/products/ikea-365-posuda-za-hranu-s-poklopcem-pravougaono-staklo-bambus__0594317_pe675640_s5.jpg?f=xxs","https://www.ikea.com/rs/sr/images/products/ikea-365-posuda-za-hranu-s-poklopcem-pravougaono-staklo-bambus__1414199_pe974725_s5.jpg?f=xxs"
"1771928368-3","https://www.ikea.com/rs/sr/cat/posude-za-hranu-15937/?page=7","Tegla s poklopcem, bistro staklo, 0.5 l","KORKEN","(3387)","249","Cena 249RSD","Cena 249RSD","","","","","","Uporedi","249","RSD","Na zalihama u Beograd","","RSD","","","","","","","https://www.ikea.com/rs/sr/images/products/korken-tegla-s-poklopcem-bistro-staklo__0713740_pe729739_s5.jpg?f=xxs","https://www.ikea.com/rs/sr/images/products/korken-tegla-s-poklopcem-bistro-staklo__0713740_pe729739_s5.jpg?f=xxs","https://www.ikea.com/rs/sr/images/products/korken-tegla-s-poklopcem-bistro-staklo__1534504_pe1016159_s5.jpg?f=xxs"
"1771928368-4","https://www.ikea.com/rs/sr/cat/posude-za-hranu-15937/?page=7","Posuda za hranu s poklop. set od 17, zelena","PRUTA","(225)","699","Cena 699RSD","Cena 699RSD","","","","","","Uporedi","699","RSD","Na zalihama u Beograd","","RSD","","","","","","","https://www.ikea.com/rs/sr/images/products/pruta-posuda-za-hranu-s-poklop-set-od-17-zelena__1383829_pe962689_s5.jpg?f=xxs","https://www.ikea.com/rs/sr/images/products/pruta-posuda-za-hranu-s-poklop-set-od-17-zelena__1383829_pe962689_s5.jpg?f=xxs","https://www.ikea.com/rs/sr/images/products/pruta-posuda-za-hranu-s-poklop-set-od-17-zelena__1449400_pe989894_s5.jpg?f=xxs"
"1771928368-5","https://www.ikea.com/rs/sr/cat/posude-za-hranu-15937/?page=7","Kutija za suvu hranu s poklopcem, providno/bela, 2.3 l","IKEA 365+","(3316)","399","Cena 399RSD","Cena 399RSD","","2.3 l","1.3 l","IKEA 365+","Još opcijaIKEA 365+","Uporedi","399","RSD","Na zalihama u Beograd","Nova
niža
cena","RSD","","","499","RSD","Prethodna cena 499RSD","Prethodna cena","https://www.ikea.com/rs/sr/images/products/ikea-365-kutija-za-suvu-hranu-s-poklopcem-providno-bela__0711438_pe728254_s5.jpg?f=xxs","","https://www.ikea.com/rs/sr/images/products/ikea-365-kutija-za-suvu-hranu-s-poklopcem-providno-bela__1542994_pe1018602_s5.jpg?f=xxs"
"1771928368-6","https://www.ikea.com/rs/sr/cat/posude-za-hranu-15937/?page=7","Organizator za kuhinj. radnu ploču, metal/bambus, 38x13x28 cm","NÅLBLECKA","(315)","1.599","Cena 1599RSD","Cena 1599RSD","","","","","","Uporedi","1.599","RSD","Na zalihama u Beograd","","RSD","","","","","","","https://www.ikea.com/rs/sr/images/products/nalblecka-organizator-za-kuhinj-radnu-plocu-metal-bambus__1215091_pe911832_s5.jpg?f=xxs","","https://www.ikea.com/rs/sr/images/products/nalblecka-organizator-za-kuhinj-radnu-plocu-metal-bambus__1542548_pe1018485_s5.jpg?f=xxs"
"1771928368-7","https://www.ikea.com/rs/sr/cat/posude-za-hranu-15937/?page=7","Kutija za suvu hranu pokl. set od 6, providno","KORALLVIPPA","(166)","1.799","Cena 1799RSD","Cena 1799RSD","","","","","","Uporedi","1.799","RSD","Na zalihama u Beograd","","RSD","","","","","","","https://www.ikea.com/rs/sr/images/products/korallvippa-kutija-za-suvu-hranu-pokl-set-od-6-providno__1383821_pe962684_s5.jpg?f=xxs","","https://www.ikea.com/rs/sr/images/products/korallvippa-kutija-za-suvu-hranu-pokl-set-od-6-providno__1396661_pe967415_s5.jpg?f=xxs"
"1771928368-8","https://www.ikea.com/rs/sr/cat/posude-za-hranu-15937/?page=7","Set kutija za hranu, 2 kom., drvo","CHOKLADHAJ","(68)","1.299","Cena 1299RSD","Cena 1299RSD","","","","","","Uporedi","1.299","RSD","Na zalihama u Beograd","","RSD","","","","","","","https://www.ikea.com/rs/sr/images/products/chokladhaj-set-kutija-za-hranu-2-kom-drvo__1432535_pe982826_s5.jpg?f=xxs","","https://www.ikea.com/rs/sr/images/products/chokladhaj-set-kutija-za-hranu-2-kom-drvo__1440664_pe986587_s5.jpg?f=xxs"
"1771928368-9","https://www.ikea.com/rs/sr/cat/posude-za-hranu-15937/?page=7","Posuda za hranu s poklopcem, kvadrat/plastika, 750 ml","IKEA 365+","(1209)","299","Cena 299RSD","Cena 299RSD","","750 ml","","IKEA 365+","Još opcijaIKEA 365+","Uporedi","299","RSD","Na zalihama u Beograd","","RSD","","","","","","","https://www.ikea.com/rs/sr/images/products/ikea-365-posuda-za-hranu-s-poklopcem-kvadrat-plastika__0594415_pe675733_s5.jpg?f=xxs","","https://www.ikea.com/rs/sr/images/products/ikea-365-posuda-za-hranu-s-poklopcem-kvadrat-plastika__1414270_pe974745_s5.jpg?f=xxs"
"1771928368-10","https://www.ikea.com/rs/sr/cat/posude-za-hranu-15937/?page=7","Posuda za hranu s poklopcem, staklo, 0.5 l","BESTÄMMA","(308)","249","Cena 249RSD","Cena 249RSD","","","","","","Uporedi","249","RSD","Na zalihama u Beograd","","RSD","","","","","","","https://www.ikea.com/rs/sr/images/products/bestaemma-posuda-za-hranu-s-poklopcem-staklo__1035153_pe841276_s5.jpg?f=xxs","","https://www.ikea.com/rs/sr/images/products/bestaemma-posuda-za-hranu-s-poklopcem-staklo__1035155_pe841279_s5.jpg?f=xxs"
"1771928368-11","https://www.ikea.com/rs/sr/cat/posude-za-hranu-15937/?page=7","Polica-umetak, bela, 32x13x16 cm","VARIERA","(5398)","499","Cena 499RSD","Cena 499RSD","","","","","","Uporedi","499","RSD","Na zalihama u Beograd","","RSD","","","","","","","https://www.ikea.com/rs/sr/images/products/variera-polica-umetak-bela__81979_pe207258_s5.jpg?f=xxs","","https://www.ikea.com/rs/sr/images/products/variera-polica-umetak-bela__0867261_pe600476_s5.jpg?f=xxs"
"1771928368-12","https://www.ikea.com/rs/sr/cat/posude-za-hranu-15937/?page=7","Vrećica s kopčom, dezenirano crna/žuta, 2.5/1.2 l","ISTAD","(1722)","399","Cena 399RSD/50 komada","Cena 399RSD/50 komada","/50 komada","","","","","Uporedi","399","RSD","Na zalihama u Beograd","","RSD","","","","","","","https://www.ikea.com/rs/sr/images/products/istad-vrecica-s-kopcom-dezenirano-crna-zuta__1105132_pe868034_s5.jpg?f=xxs","","https://www.ikea.com/rs/sr/images/products/istad-vrecica-s-kopcom-dezenirano-crna-zuta__1481323_pe1000493_s5.jpg?f=xxs"
"1771928368-13","https://www.ikea.com/rs/sr/cat/posude-za-hranu-15937/?page=7","Tegla s poklopcem, bistro staklo/bambus, 1.8 l","EKLATANT","(507)","799","Cena 799RSD","Cena 799RSD","","1.8 l","","EKLATANT","Još opcijaEKLATANT","Uporedi","799","RSD","Na zalihama u Beograd","Nova
niža
cena","RSD","","","999","RSD","Prethodna cena 999RSD","Prethodna cena","https://www.ikea.com/rs/sr/images/products/eklatant-tegla-s-poklopcem-bistro-staklo-bambus__1353516_pe952241_s5.jpg?f=xxs","","https://www.ikea.com/rs/sr/images/products/eklatant-tegla-s-poklopcem-bistro-staklo-bambus__1441633_pe986604_s5.jpg?f=xxs"
"1771928368-14","https://www.ikea.com/rs/sr/cat/posude-za-hranu-15937/?page=7","Posuda za hranu s poklopcem, kvadrat/staklo, 180 ml","IKEA 365+","(1837)","599","Cena 599RSD/3 komada","Cena 599RSD/3 komada","/3 komada","","","","","Uporedi","599","RSD","Na zalihama u Beograd","","RSD","","","","","","","https://www.ikea.com/rs/sr/images/products/ikea-365-posuda-za-hranu-s-poklopcem-kvadrat-staklo__0916186_pe785017_s5.jpg?f=xxs","","https://www.ikea.com/rs/sr/images/products/ikea-365-posuda-za-hranu-s-poklopcem-kvadrat-staklo__1414490_pe974820_s5.jpg?f=xxs"
"1771928368-15","https://www.ikea.com/rs/sr/cat/posude-za-hranu-15937/?page=7","Štipaljka za vrećice, 26 kom, raznobojno","BEVARA","(1185)","249","Cena 249RSD","Cena 249RSD","","","","","","Uporedi","249","RSD","Na zalihama u Beograd","","RSD","","","","","","","https://www.ikea.com/rs/sr/images/products/bevara-stipaljka-za-vrecice-26-kom-raznobojno__1173157_pe893826_s5.jpg?f=xxs","","https://www.ikea.com/rs/sr/images/products/bevara-stipaljka-za-vrecice-26-kom-raznobojno__1173155_pe893828_s5.jpg?f=xxs"
"1771928368-16","https://www.ikea.com/rs/sr/cat/posude-za-hranu-15937/?page=7","Posuda za hranu s poklopcem, kvadrat staklo/plastika, 600 ml","IKEA 365+","(4711)","469","Cena 469RSD","Cena 469RSD","","600 ml","","IKEA 365+","Još opcijaIKEA 365+","Uporedi","469","RSD","Na zalihama u Beograd","","RSD","","","","","","","https://www.ikea.com/rs/sr/images/products/ikea-365-posuda-za-hranu-s-poklopcem-kvadrat-staklo-plastika__0594413_pe675730_s5.jpg?f=xxs","","https://www.ikea.com/rs/sr/images/products/ikea-365-posuda-za-hranu-s-poklopcem-kvadrat-staklo-plastika__1425124_pe979442_s5.jpg?f=xxs"
"1771928368-17","https://www.ikea.com/rs/sr/cat/posude-za-hranu-15937/?page=7","Roto-poslužavnik, puno drvo, 39 cm","SNUDDA","(1429)","799","Cena 799RSD","Cena 799RSD","","","","","","Uporedi","799","RSD","Na zalihama u Beograd","IKEA Family cena","RSD","Najprodavaniji proizvod","","999","RSD","Redovna cena 999RSD","Redovna cena","https://www.ikea.com/rs/sr/images/products/snudda-roto-posluzavnik-puno-drvo__1100240_pe866087_s5.jpg?f=xxs","","https://www.ikea.com/rs/sr/images/products/snudda-roto-posluzavnik-puno-drvo__0172888_pe306882_s5.jpg?f=xxs"
"1771928368-18","https://www.ikea.com/rs/sr/cat/posude-za-hranu-15937/?page=7","Konzerva s poklopcem, prljavobela/za kafu/čaj, 10x10x20 cm","BLOMNING","(50)","449","Cena 449RSD","Cena 449RSD","","","","","","Uporedi","449","RSD","Na zalihama u Beograd","Novo","RSD","","","","","","","https://www.ikea.com/rs/sr/images/products/blomning-konzerva-s-poklopcem-prljavobela-za-kafu-caj__1446767_pe988678_s5.jpg?f=xxs","","https://www.ikea.com/rs/sr/images/products/blomning-konzerva-s-poklopcem-prljavobela-za-kafu-caj__1464296_pe994664_s5.jpg?f=xxs"
"1771928368-19","https://www.ikea.com/rs/sr/cat/posude-za-hranu-15937/?page=7","Činija s poklopcem, 5 kom., raznobojno","GARNITYREN","(580)","999","Cena 999RSD","Cena 999RSD","","","","","","Uporedi","999","RSD","Na zalihama u Beograd","","RSD","","","","","","","https://www.ikea.com/rs/sr/images/products/garnityren-cinija-s-poklopcem-5-kom-raznobojno__0930821_pe790897_s5.jpg?f=xxs","","https://www.ikea.com/rs/sr/images/products/garnityren-cinija-s-poklopcem-5-kom-raznobojno__1543255_pe1018643_s5.jpg?f=xxs"
"1771928368-20","https://www.ikea.com/rs/sr/cat/posude-za-hranu-15937/?page=7","Odlaganje za biljke u frižideru, providno, 10x9x28 cm","KLIPPKAKTUS","(36)","899","Cena 899RSD","Cena 899RSD","","","","","","Uporedi","899","RSD","Na zalihama u Beograd","Novo","RSD","","","","","","","https://www.ikea.com/rs/sr/images/products/klippkaktus-odlaganje-za-biljke-u-frizideru-providno__1432874_pe982934_s5.jpg?f=xxs","","https://www.ikea.com/rs/sr/images/products/klippkaktus-odlaganje-za-biljke-u-frizideru-providno__1467183_pe995675_s5.jpg?f=xxs"
"1771928368-21","https://www.ikea.com/rs/sr/cat/posude-za-hranu-15937/?page=7","Tegla s poklopcem, bistro staklo, 13 cl","KORKEN","(1114)","499","Cena 499RSD/3 komada","Cena 499RSD/3 komada","/3 komada","","","","","Uporedi","499","RSD","Na zalihama u Beograd","","RSD","","","","","","","https://www.ikea.com/rs/sr/images/products/korken-tegla-s-poklopcem-bistro-staklo__0712810_pe729071_s5.jpg?f=xxs","","https://www.ikea.com/rs/sr/images/products/korken-tegla-s-poklopcem-bistro-staklo__1425399_pe979514_s5.jpg?f=xxs"
"1771928368-22","https://www.ikea.com/rs/sr/cat/posude-za-hranu-15937/?page=7","Flaša za vodu, bistro staklo/zelena, 0.5 l","SPARTANSK","(471)","99","Cena 99RSD","Cena 99RSD","","","","","","Uporedi","99","RSD","Na zalihama u Beograd","","RSD","","","","","","","https://www.ikea.com/rs/sr/images/products/spartansk-flasa-za-vodu-bistro-staklo-zelena__1062060_pe850637_s5.jpg?f=xxs","","https://www.ikea.com/rs/sr/images/products/spartansk-flasa-za-vodu-bistro-staklo-zelena__1062057_pe850640_s5.jpg?f=xxs"
"1771928368-23","https://www.ikea.com/rs/sr/cat/posude-za-hranu-15937/?page=7","Kutija za odlaganje za frižider","KLIPPKAKTUS","(223)","699","Cena 699RSD","Cena 699RSD","","","","","","Uporedi","699","RSD","Na zalihama u Beograd","","RSD","","","","","","","https://www.ikea.com/rs/sr/images/products/klippkaktus-kutija-za-odlaganje-za-frizider__1243277_pe920543_s5.jpg?f=xxs","","https://www.ikea.com/rs/sr/images/products/klippkaktus-kutija-za-odlaganje-za-frizider__1275782_pe930670_s5.jpg?f=xxs"
"1771928368-24","https://www.ikea.com/rs/sr/cat/posude-za-hranu-15937/?page=7","Polica za začine, jasika","BEKVÄM","(719)","499","Cena 499RSD","Cena 499RSD","","","","","","Uporedi","499","RSD","Na zalihama u Beograd","","RSD","","","","","","","https://www.ikea.com/rs/sr/images/products/bekvaem-polica-za-zacine-jasika__0993240_pe814904_s5.jpg?f=xxs","","https://www.ikea.com/rs/sr/images/products/bekvaem-polica-za-zacine-jasika__0980362_pe814907_s5.jpg?f=xxs"
"1771928368-25","https://www.ikea.com/rs/sr/cat/posude-za-hranu-15937/?page=7","Konzerva s poklopcem, za kafu/čaj/srebrna, 0.6 l","BETTHAJ","(50)","249","Cena 249RSD","Cena 249RSD","","","","","","Uporedi","249","RSD","Na zalihama u Beograd","Novo","RSD","","","","","","","https://www.ikea.com/rs/sr/images/products/betthaj-konzerva-s-poklopcem-za-kafu-caj-srebrna__1432533_pe982820_s5.jpg?f=xxs","","https://www.ikea.com/rs/sr/images/products/betthaj-konzerva-s-poklopcem-za-kafu-caj-srebrna__1501888_pe1007486_s5.jpg?f=xxs"
"1771928368-26","https://www.ikea.com/rs/sr/cat/posude-za-hranu-15937/?page=7","Teglica za začine, bistro staklo/nerđajući čelik, 6 cl","GULDFISK","(139)","99","Cena 99RSD","Cena 99RSD","","","","","","Uporedi","99","RSD","Na zalihama u Beograd","","RSD","","","","","","","https://www.ikea.com/rs/sr/images/products/guldfisk-teglica-za-zacine-bistro-staklo-nerdajuci-celik__1196299_pe902878_s5.jpg?f=xxs","","https://www.ikea.com/rs/sr/images/products/guldfisk-teglica-za-zacine-bistro-staklo-nerdajuci-celik__1196295_pe902876_s5.jpg?f=xxs"
"1771928368-27","https://www.ikea.com/rs/sr/cat/posude-za-hranu-15937/?page=7","Teglica za začine, bistro staklo/nerđajući čelik, 35 cl","CITRONHAJ","(295)","799","Cena 799RSD/4 komada","Cena 799RSD/4 komada","/4 komada","","","","","Uporedi","799","RSD","Na zalihama u Beograd","","RSD","","","","","","","https://www.ikea.com/rs/sr/images/products/citronhaj-teglica-za-zacine-bistro-staklo-nerdajuci-celik__1196254_pe902863_s5.jpg?f=xxs","","https://www.ikea.com/rs/sr/images/products/citronhaj-teglica-za-zacine-bistro-staklo-nerdajuci-celik__1228240_pe915669_s5.jpg?f=xxs"
"1771928368-28","https://www.ikea.com/rs/sr/cat/posude-za-hranu-15937/?page=7","Posuda za hranu s poklopcem, plava, 0.6 l","PRUTA","(694)","149","Cena 149RSD/3 komada","Cena 149RSD/3 komada","/3 komada","","","","","Uporedi","149","RSD","Na zalihama u Beograd","","RSD","","","","","","","https://www.ikea.com/rs/sr/images/products/pruta-posuda-za-hranu-s-poklopcem-plava__1383825_pe962687_s5.jpg?f=xxs","","https://www.ikea.com/rs/sr/images/products/pruta-posuda-za-hranu-s-poklopcem-plava__1396649_pe967405_s5.jpg?f=xxs"
"1771928368-29","https://www.ikea.com/rs/sr/cat/posude-za-hranu-15937/?page=7","Držač napitaka u frižederu, providno","KLIPPKAKTUS","(65)","999","Cena 999RSD","Cena 999RSD","","","","","","Uporedi","999","RSD","Na zalihama u Beograd","Novo","RSD","","","","","","","https://www.ikea.com/rs/sr/images/products/klippkaktus-drzac-napitaka-u-frizederu-providno__1467200_pe995689_s5.jpg?f=xxs","","https://www.ikea.com/rs/sr/images/products/klippkaktus-drzac-napitaka-u-frizederu-providno__1468668_pe996237_s5.jpg?f=xxs"
"1771928368-30","https://www.ikea.com/rs/sr/cat/posude-za-hranu-15937/?page=7","Etiketa","IKEA 365+","(438)","199","Cena 199RSD/50 komada","Cena 199RSD/50 komada","/50 komada","","","","","Uporedi","199","RSD","Na zalihama u Beograd","","RSD","","","","","","","https://www.ikea.com/rs/sr/images/products/ikea-365-etiketa__0740557_pe742060_s5.jpg?f=xxs","","https://www.ikea.com/rs/sr/images/products/ikea-365-etiketa__0740556_pe742057_s5.jpg?f=xxs"
"1771928368-31","https://www.ikea.com/rs/sr/cat/posude-za-hranu-15937/?page=7","Tegla s poklopcem, bistro staklo, 1.9 l","VARDAGEN","(1474)","599","Cena 599RSD","Cena 599RSD","","1.9 l","","VARDAGEN","Još opcijaVARDAGEN","Uporedi","599","RSD","Na zalihama u Beograd","","RSD","","","","","","","https://www.ikea.com/rs/sr/images/products/vardagen-tegla-s-poklopcem-bistro-staklo__0713736_pe729735_s5.jpg?f=xxs","","https://www.ikea.com/rs/sr/images/products/vardagen-tegla-s-poklopcem-bistro-staklo__1384277_pe962943_s5.jpg?f=xxs"
"1771928368-32","https://www.ikea.com/rs/sr/cat/posude-za-hranu-15937/?page=7","Torba za ručak, dezenirano siva, 25x16x27 cm","FLADDRIG","(884)","149","Cena 149RSD","Cena 149RSD","","","","","","Uporedi","149","RSD","Na zalihama u Beograd","","RSD","","","","","","","https://www.ikea.com/rs/sr/images/products/fladdrig-torba-za-rucak-dezenirano-siva__0985581_pe816684_s5.jpg?f=xxs","","https://www.ikea.com/rs/sr/images/products/fladdrig-torba-za-rucak-dezenirano-siva__0985583_pe816687_s5.jpg?f=xxs"
"1771928368-33","https://www.ikea.com/rs/sr/cat/posude-za-hranu-15937/?page=7","Organizator za kuhinj. radnu ploču, drvo, 20x18x16 cm","CHOKLADHAJ","(14)","999","Cena 999RSD","Cena 999RSD","","","","","","Uporedi","999","RSD","Na zalihama u Beograd","Novo","RSD","","","","","","","https://www.ikea.com/rs/sr/images/products/chokladhaj-organizator-za-kuhinj-radnu-plocu-drvo__1432537_pe982824_s5.jpg?f=xxs","","https://www.ikea.com/rs/sr/images/products/chokladhaj-organizator-za-kuhinj-radnu-plocu-drvo__1440666_pe986583_s5.jpg?f=xxs"
"1771928368-34","https://www.ikea.com/rs/sr/cat/posude-za-hranu-15937/?page=7","Konzerva s poklopcem, smeđe-crvena/roze za kafu/čaj, 10x10x10 cm","BLOMNING","(22)","499","Cena 499RSD/2 komada","Cena 499RSD/2 komada","/2 komada","","","","","Uporedi","499","RSD","Na zalihama u Beograd","Novo","RSD","Ograničena kolekcija","","","","","","https://www.ikea.com/rs/sr/images/products/blomning-konzerva-s-poklopcem-smede-crvena-roze-za-kafu-caj__1446766_pe988676_s5.jpg?f=xxs","","https://www.ikea.com/rs/sr/images/products/blomning-konzerva-s-poklopcem-smede-crvena-roze-za-kafu-caj__1513159_pe1010632_s5.jpg?f=xxs"
"1771928368-35","https://www.ikea.com/rs/sr/cat/posude-za-hranu-15937/?page=7","Posuda za užinu, providno/svetlosiva-smeđa, 300 ml","SPLITTERNY","(99)","149","Cena 149RSD","Cena 149RSD","","","","","","Uporedi","149","RSD","Na zalihama u Beograd","","RSD","","","","","","","https://www.ikea.com/rs/sr/images/products/splitterny-posuda-za-uzinu-providno-svetlosiva-smeda__1290062_pe934501_s5.jpg?f=xxs","","https://www.ikea.com/rs/sr/images/products/splitterny-posuda-za-uzinu-providno-svetlosiva-smeda__1290057_pe934499_s5.jpg?f=xxs"
"1771928368-36","https://www.ikea.com/rs/sr/cat/posude-za-hranu-15937/?page=7","Kutija za frižider, set od 3, providno","KLIPPKAKTUS","(14)","799","Cena 799RSD","Cena 799RSD","","","","","","Uporedi","799","RSD","Na zalihama u Beograd","","RSD","","","","","","","https://www.ikea.com/rs/sr/images/products/klippkaktus-kutija-za-frizider-set-od-3-providno__1432825_pe982901_s5.jpg?f=xxs","","https://www.ikea.com/rs/sr/images/products/klippkaktus-kutija-za-frizider-set-od-3-providno__1467201_pe995692_s5.jpg?f=xxs"
"1771928368-37","https://www.ikea.com/rs/sr/cat/posude-za-hranu-15937/?page=7","Teglica za začine, staklo/boja aluminijuma, 15 cl","RAJTAN","(683)","399","Cena 399RSD/4 komada","Cena 399RSD/4 komada","/4 komada","","","","","Uporedi","399","RSD","Na zalihama u Beograd","","RSD","","","","","","","https://www.ikea.com/rs/sr/images/products/rajtan-teglica-za-zacine-staklo-boja-aluminijuma__0712809_pe729072_s5.jpg?f=xxs","","https://www.ikea.com/rs/sr/images/products/rajtan-teglica-za-zacine-staklo-boja-aluminijuma__1092931_pe863139_s5.jpg?f=xxs"
"1771928368-38","https://www.ikea.com/rs/sr/cat/posude-za-hranu-15937/?page=7","Posuda za hranu s poklopcem, 5 kom, providno/raznobojno","HAVSTOBIS","(424)","1.299","Cena 1299RSD","Cena 1299RSD","","","","","","Uporedi","1.299","RSD","Na zalihama u Beograd","","RSD","","","","","","","https://www.ikea.com/rs/sr/images/products/havstobis-posuda-za-hranu-s-poklopcem-5-kom-providno-raznobojno__1217927_pe913088_s5.jpg?f=xxs","","https://www.ikea.com/rs/sr/images/products/havstobis-posuda-za-hranu-s-poklopcem-5-kom-providno-raznobojno__1286733_pe933698_s5.jpg?f=xxs"
"1771928368-39","https://www.ikea.com/rs/sr/cat/posude-za-hranu-15937/?page=7","Kutija za hleb, nerđajući čelik","ORDNING","(33)","3.999","Cena 3999RSD","Cena 3999RSD","","","","","","Uporedi","3.999","RSD","Na zalihama u Beograd","","RSD","","","","","","","https://www.ikea.com/rs/sr/images/products/ordning-kutija-za-hleb-nerdajuci-celik__0711086_pe727971_s5.jpg?f=xxs","","https://www.ikea.com/rs/sr/images/products/ordning-kutija-za-hleb-nerdajuci-celik__0957657_pe805087_s5.jpg?f=xxs"
"1771928368-40","https://www.ikea.com/rs/sr/cat/posude-za-hranu-15937/?page=7","Korpa za frižider, providno, 30x19x14 cm","KLIPPKAKTUS","(67)","699","Cena 699RSD","Cena 699RSD","","","","","","Uporedi","699","RSD","Na zalihama u Beograd","","RSD","","","","","","","https://www.ikea.com/rs/sr/images/products/klippkaktus-korpa-za-frizider-providno__1432827_pe982903_s5.jpg?f=xxs","","https://www.ikea.com/rs/sr/images/products/klippkaktus-korpa-za-frizider-providno__1467201_pe995692_s5.jpg?f=xxs"
"1771928368-41","https://www.ikea.com/rs/sr/cat/posude-za-hranu-15937/?page=7","Posuda za hranu s poklopcem, pravougaono/plastika, 1.0 l","IKEA 365+","(1703)","999","Cena 999RSD/3 komada","Cena 999RSD/3 komada","/3 komada","","","","","Uporedi","999","RSD","Na zalihama u Beograd","","RSD","","","","","","","https://www.ikea.com/rs/sr/images/products/ikea-365-posuda-za-hranu-s-poklopcem-pravougaono-plastika__1081948_pe858459_s5.jpg?f=xxs","","https://www.ikea.com/rs/sr/images/products/ikea-365-posuda-za-hranu-s-poklopcem-pravougaono-plastika__1501896_pe1007488_s5.jpg?f=xxs"
"1771928368-42","https://www.ikea.com/rs/sr/cat/posude-za-hranu-15937/?page=7","Vrećica s kopčom, 3 kom., raznobojno/silikon, 1.0/1.2/2.5 l","FILFISK","(295)","1.499","Cena 1499RSD","Cena 1499RSD","","","","","","Uporedi","1.499","RSD","Na zalihama u Beograd","","RSD","","","","","","","https://www.ikea.com/rs/sr/images/products/filfisk-vrecica-s-kopcom-3-kom-raznobojno-silikon__1043241_pe841686_s5.jpg?f=xxs","","https://www.ikea.com/rs/sr/images/products/filfisk-vrecica-s-kopcom-3-kom-raznobojno-silikon__1043244_pe841689_s5.jpg?f=xxs"
"1771928368-43","https://www.ikea.com/rs/sr/cat/posude-za-hranu-15937/?page=7","Fleksibilna boca, bela/providno, 330 ml","GRILLTIDER","(51)","199","Cena 199RSD","Cena 199RSD","","330 ml","","GRILLTIDER","Još opcijaGRILLTIDER","Uporedi","199","RSD","Na zalihama u Beograd","Novo","RSD","","","","","","","https://www.ikea.com/rs/sr/images/products/grilltider-fleksibilna-boca-bela-providno__1435032_pe983679_s5.jpg?f=xxs","","https://www.ikea.com/rs/sr/images/products/grilltider-fleksibilna-boca-bela-providno__1464149_pe994609_s5.jpg?f=xxs"
"1771928368-44","https://www.ikea.com/rs/sr/cat/posude-za-hranu-15937/?page=7","Fleksibilna boca, plastika/providno, 330 ml","GRILLTIDER","(241)","299","Cena 299RSD/2 komada","Cena 299RSD/2 komada","/2 komada","","","","","Uporedi","299","RSD","Na zalihama u Beograd","","RSD","Poslednja prilika za kupovinu","","","","","","https://www.ikea.com/rs/sr/images/products/grilltider-fleksibilna-boca-plastika-providno__0685040_pe721321_s5.jpg?f=xxs","","https://www.ikea.com/rs/sr/images/products/grilltider-fleksibilna-boca-plastika-providno__1061161_ph177429_s5.jpg?f=xxs"
"1771928368-45","https://www.ikea.com/rs/sr/cat/posude-za-hranu-15937/?page=7","Posuda za hranu s poklopcem, lila, 70 ml","PRUTA","(422)","99","Cena 99RSD/3 komada","Cena 99RSD/3 komada","/3 komada","","","","","Uporedi","99","RSD","Na zalihama u Beograd","","RSD","","","","","","","https://www.ikea.com/rs/sr/images/products/pruta-posuda-za-hranu-s-poklopcem-lila__1383827_pe962688_s5.jpg?f=xxs","","https://www.ikea.com/rs/sr/images/products/pruta-posuda-za-hranu-s-poklopcem-lila__1396654_pe967400_s5.jpg?f=xxs"
"1771928368-46","https://www.ikea.com/rs/sr/cat/posude-za-hranu-15937/?page=7","Stalak za 9 vinskih boca, puno drvo","HUTTEN","(872)","1.699","Cena 1699RSD","Cena 1699RSD","","","","","","Uporedi","1.699","RSD","Na zalihama u Beograd","","RSD","","","","","","","https://www.ikea.com/rs/sr/images/products/hutten-stalak-za-9-vinskih-boca-puno-drvo__0711110_pe727966_s5.jpg?f=xxs","","https://www.ikea.com/rs/sr/images/products/hutten-stalak-za-9-vinskih-boca-puno-drvo__0898307_pe610816_s5.jpg?f=xxs"
"1771928368-47","https://www.ikea.com/rs/sr/cat/posude-za-hranu-15937/?page=7","Konzerva s poklopcem, prljavobela za kafu/čaj, 10x10x10 cm","BLOMNING","(50)","299","Cena 299RSD","Cena 299RSD","","","","","","Uporedi","299","RSD","Na zalihama u Beograd","Novo","RSD","","","","","","","https://www.ikea.com/rs/sr/images/products/blomning-konzerva-s-poklopcem-prljavobela-za-kafu-caj__1446770_pe988677_s5.jpg?f=xxs","","https://www.ikea.com/rs/sr/images/products/blomning-konzerva-s-poklopcem-prljavobela-za-kafu-caj__1464296_pe994664_s5.jpg?f=xxs"
"1771928368-48","https://www.ikea.com/rs/sr/cat/posude-za-hranu-15937/?page=7","Tegla s poklopcem, bistro staklo, 1 l","KORKEN","(2098)","399","Cena 399RSD","Cena 399RSD","","","","","","Uporedi","399","RSD","Na zalihama u Beograd","","RSD","","","","","","","https://www.ikea.com/rs/sr/images/products/korken-tegla-s-poklopcem-bistro-staklo__0713739_pe729738_s5.jpg?f=xxs","","https://www.ikea.com/rs/sr/images/products/korken-tegla-s-poklopcem-bistro-staklo__1534505_pe1016158_s5.jpg?f=xxs"
"1771928368-49","https://www.ikea.com/rs/sr/cat/posude-za-hranu-15937/?page=7","Boca za ulje/sirće, bistro staklo/nerđajući čelik, 16 cm","CITRONHAJ","(146)","399","Cena 399RSD","Cena 399RSD","","","","","","Uporedi","399","RSD","Na zalihama u Beograd","","RSD","","","","","","","https://www.ikea.com/rs/sr/images/products/citronhaj-boca-za-ulje-sirce-bistro-staklo-nerdajuci-celik__1196197_pe902819_s5.jpg?f=xxs","","https://www.ikea.com/rs/sr/images/products/citronhaj-boca-za-ulje-sirce-bistro-staklo-nerdajuci-celik__1227006_pe915507_s5.jpg?f=xxs"
"1771928368-50","https://www.ikea.com/rs/sr/cat/posude-za-hranu-15937/?page=7","Torba za ručak, crna, 22x17x35 cm","FRAMTUNG","(266)","999","Cena 999RSD","Cena 999RSD","","","","","","Uporedi","999","RSD","Na zalihama u Beograd","","RSD","","","","","","","https://www.ikea.com/rs/sr/images/products/framtung-torba-za-rucak-crna__0985598_pe816694_s5.jpg?f=xxs","","https://www.ikea.com/rs/sr/images/products/framtung-torba-za-rucak-crna__0987897_pe817683_s5.jpg?f=xxs"
"1771928368-51","https://www.ikea.com/rs/sr/cat/posude-za-hranu-15937/?page=7","Prenosivi organizator, drvo, 25x18 cm","CHOKLADHAJ","(24)","799","Cena 799RSD","Cena 799RSD","","","","","","Uporedi","799","RSD","Na zalihama u Beograd","Novo","RSD","","","","","","","https://www.ikea.com/rs/sr/images/products/chokladhaj-prenosivi-organizator-drvo__1432534_pe982823_s5.jpg?f=xxs","","https://www.ikea.com/rs/sr/images/products/chokladhaj-prenosivi-organizator-drvo__1533980_pe1016088_s5.jpg?f=xxs"
"1771928368-52","https://www.ikea.com/rs/sr/cat/posude-za-hranu-15937/?page=7","Tegla s poklopcem, bež, 1.2 l","BRUGDHAJ","(10)","1.299","Cena 1299RSD","Cena 1299RSD","","","","","","Uporedi","1.299","RSD","Na zalihama u Beograd","","RSD","","","","","","","https://www.ikea.com/rs/sr/images/products/brugdhaj-tegla-s-poklopcem-bez__1383798_pe962672_s5.jpg?f=xxs","","https://www.ikea.com/rs/sr/images/products/brugdhaj-tegla-s-poklopcem-bez__1446514_pe988617_s5.jpg?f=xxs"
"1771928368-53","https://www.ikea.com/rs/sr/cat/posude-za-hranu-15937/?page=7","Konzerva s poklopcem, za špagete/bledoplava, 2.6 l","BETTHAJ","(15)","549","Cena 549RSD","Cena 549RSD","","","","","","Uporedi","549","RSD","Na zalihama u Beograd","Novo","RSD","","","","","","","https://www.ikea.com/rs/sr/images/products/betthaj-konzerva-s-poklopcem-za-spagete-bledoplava__1432530_pe982821_s5.jpg?f=xxs","","https://www.ikea.com/rs/sr/images/products/betthaj-konzerva-s-poklopcem-za-spagete-bledoplava__1441818_pe986580_s5.jpg?f=xxs"
"1771928368-54","https://www.ikea.com/rs/sr/cat/posude-za-hranu-15937/?page=7","Posuda sa slavinom za frižider, providno, 4.5 l","KLIPPKAKTUS","(41)","1.299","Cena 1299RSD/4.5 l","Cena 1299RSD/4.5 l","/4.5 l","","","","","Uporedi","1.299","RSD","Na zalihama u Beograd","","RSD","","","","","","","https://www.ikea.com/rs/sr/images/products/klippkaktus-posuda-sa-slavinom-za-frizider-providno__1432839_pe982915_s5.jpg?f=xxs","","https://www.ikea.com/rs/sr/images/products/klippkaktus-posuda-sa-slavinom-za-frizider-providno__1467194_pe995685_s5.jpg?f=xxs"
"1771928368-55","https://www.ikea.com/rs/sr/cat/posude-za-hranu-15937/?page=7","Tegla s poklopcem, bež, 0.3 l","BRUGDHAJ","(153)","599","Cena 599RSD","Cena 599RSD","","","","","","Uporedi","599","RSD","Na zalihama u Beograd","","RSD","","","","","","","https://www.ikea.com/rs/sr/images/products/brugdhaj-tegla-s-poklopcem-bez__1383789_pe962668_s5.jpg?f=xxs","","https://www.ikea.com/rs/sr/images/products/brugdhaj-tegla-s-poklopcem-bez__1395707_pe967254_s5.jpg?f=xxs"
"1771928368-56","https://www.ikea.com/rs/sr/cat/posude-za-hranu-15937/?page=7","Korpa za hranu, metal/bela, 14x14x10 cm","IKEA 365+","(156)","499","Cena 499RSD","Cena 499RSD","","","","","","Uporedi","499","RSD","Na zalihama u Beograd","","RSD","","","","","","","https://www.ikea.com/rs/sr/images/products/ikea-365-korpa-za-hranu-metal-bela__1383812_pe962679_s5.jpg?f=xxs","","https://www.ikea.com/rs/sr/images/products/ikea-365-korpa-za-hranu-metal-bela__1398159_pe967873_s5.jpg?f=xxs"
"1771928368-57","https://www.ikea.com/rs/sr/cat/posude-za-hranu-15937/?page=7","Posuda za hranu s poklopcem, kvadrat staklo/bambus, 600 ml","IKEA 365+","(931)","519","Cena 519RSD","Cena 519RSD","","600 ml","","IKEA 365+","Još opcijaIKEA 365+","Uporedi","519","RSD","Na zalihama u Beograd","","RSD","","","","","","","https://www.ikea.com/rs/sr/images/products/ikea-365-posuda-za-hranu-s-poklopcem-kvadrat-staklo-bambus__0594411_pe675728_s5.jpg?f=xxs","","https://www.ikea.com/rs/sr/images/products/ikea-365-posuda-za-hranu-s-poklopcem-kvadrat-staklo-bambus__1414196_pe974722_s5.jpg?f=xxs"
"1771928368-58","https://www.ikea.com/rs/sr/cat/posude-za-hranu-15937/?page=7","Posuda za hranu s poklopcem, pravougaono/staklo plastika, 3.1 l","IKEA 365+","(1597)","1.048","Cena 1048RSD","Cena 1048RSD","","","","","","Uporedi","1.048","RSD","Na zalihama u Beograd","","RSD","","","","","","","https://www.ikea.com/rs/sr/images/products/ikea-365-posuda-za-hranu-s-poklopcem-pravougaono-staklo-plastika__0614721_pe687038_s5.jpg?f=xxs","","https://www.ikea.com/rs/sr/images/products/ikea-365-posuda-za-hranu-s-poklopcem-pravougaono-staklo-plastika__1427137_pe980145_s5.jpg?f=xxs"
"1771928368-59","https://www.ikea.com/rs/sr/cat/posude-za-hranu-15937/?page=7","Posuda za hranu, kvadrat/plastika, 750 ml","IKEA 365+","(1837)","799","Cena 799RSD/3 komada","Cena 799RSD/3 komada","/3 komada","","","","","Uporedi","799","RSD","Na zalihama u Beograd","","RSD","","","","","","","https://www.ikea.com/rs/sr/images/products/ikea-365-posuda-za-hranu-kvadrat-plastika__0783560_pe761532_s5.jpg?f=xxs","","https://www.ikea.com/rs/sr/images/products/ikea-365-posuda-za-hranu-kvadrat-plastika__1414270_pe974745_s5.jpg?f=xxs"
"1771928368-60","https://www.ikea.com/rs/sr/cat/posude-za-hranu-15937/?page=7","Posuda za sendvič s poklopcem, lila/zelena, 22x14x5 cm","PRUTA","(177)","249","Cena 249RSD/2 komada","Cena 249RSD/2 komada","/2 komada","","","","","Uporedi","249","RSD","Na zalihama u Beograd","","RSD","","","","","","","https://www.ikea.com/rs/sr/images/products/pruta-posuda-za-sendvic-s-poklopcem-lila-zelena__1402643_pe969335_s5.jpg?f=xxs","","https://www.ikea.com/rs/sr/images/products/pruta-posuda-za-sendvic-s-poklopcem-lila-zelena__1450091_pe990230_s5.jpg?f=xxs"
"1771928368-61","https://www.ikea.com/rs/sr/cat/posude-za-hranu-15937/?page=7","Tegla s poklopcem, plava, 0.3 l","BRUGDHAJ","(153)","599","Cena 599RSD","Cena 599RSD","","","","","","Uporedi","599","RSD","Na zalihama u Beograd","","RSD","","","","","","","https://www.ikea.com/rs/sr/images/products/brugdhaj-tegla-s-poklopcem-plava__1383791_pe962669_s5.jpg?f=xxs","","https://www.ikea.com/rs/sr/images/products/brugdhaj-tegla-s-poklopcem-plava__1396424_pe967286_s5.jpg?f=xxs"
"1771928368-62","https://www.ikea.com/rs/sr/cat/posude-za-hranu-15937/?page=7","Posuda za hranu, veliko pravougaono/plastika, 10.6 l","IKEA 365+","(641)","699","Cena 699RSD","Cena 699RSD","","10.6 l","","IKEA 365+","Još opcijaIKEA 365+","Uporedi","699","RSD","Na zalihama u Beograd","","RSD","","","","","","","https://www.ikea.com/rs/sr/images/products/ikea-365-posuda-za-hranu-veliko-pravougaono-plastika__0711418_pe728234_s5.jpg?f=xxs","","https://www.ikea.com/rs/sr/images/products/ikea-365-posuda-za-hranu-veliko-pravougaono-plastika__1094487_pe863470_s5.jpg?f=xxs"
"1771928368-63","https://www.ikea.com/rs/sr/cat/posude-za-hranu-15937/?page=7","Slanik/bibernik, 2 del., smeđa, 9 cm","BRUGDHAJ","(36)","499","Cena 499RSD","Cena 499RSD","","","","","","Uporedi","499","RSD","Na zalihama u Beograd","","RSD","","","","","","","https://www.ikea.com/rs/sr/images/products/brugdhaj-slanik-bibernik-2-del-smeda__1383804_pe962675_s5.jpg?f=xxs","","https://www.ikea.com/rs/sr/images/products/brugdhaj-slanik-bibernik-2-del-smeda__1446514_pe988617_s5.jpg?f=xxs"
"1771928368-64","https://www.ikea.com/rs/sr/cat/posude-za-hranu-15937/?page=7","Poklopac za hranu, 3 kom., silikon raznobojno","ÖVERMÄTT","(4358)","499","Cena 499RSD","Cena 499RSD","","","","","","Uporedi","499","RSD","Na zalihama u Beograd","","RSD","","","","","","","https://www.ikea.com/rs/sr/images/products/oevermaett-poklopac-za-hranu-3-kom-silikon-raznobojno__0653137_pe707820_s5.jpg?f=xxs","","https://www.ikea.com/rs/sr/images/products/oevermaett-poklopac-za-hranu-3-kom-silikon-raznobojno__1062684_pe850934_s5.jpg?f=xxs"
"1771928368-65","https://www.ikea.com/rs/sr/cat/posude-za-hranu-15937/?page=7","Stalak za 4 vinske boce, crna","SNÖSPIRA","(62)","899","Cena 899RSD","Cena 899RSD","","","","","","Uporedi","899","RSD","Na zalihama u Beograd","","RSD","","","","","","","https://www.ikea.com/rs/sr/images/products/snoespira-stalak-za-4-vinske-boce-crna__1106309_pe868657_s5.jpg?f=xxs","","https://www.ikea.com/rs/sr/images/products/snoespira-stalak-za-4-vinske-boce-crna__1186180_pe898704_s5.jpg?f=xxs"
"1771928368-66","https://www.ikea.com/rs/sr/cat/posude-za-hranu-15937/?page=7","Posuda za hranu, pravougaono/plastika, 2.0 l","IKEA 365+","(641)","199","Cena 199RSD","Cena 199RSD","","2.0 l","","IKEA 365+","Još opcijaIKEA 365+","Uporedi","199","RSD","Na zalihama u Beograd","","RSD","","","","","","","https://www.ikea.com/rs/sr/images/products/ikea-365-posuda-za-hranu-pravougaono-plastika__0711428_pe728244_s5.jpg?f=xxs","","https://www.ikea.com/rs/sr/images/products/ikea-365-posuda-za-hranu-pravougaono-plastika__1414270_pe974745_s5.jpg?f=xxs"
"1771928368-67","https://www.ikea.com/rs/sr/cat/posude-za-hranu-15937/?page=7","Posuda za hranu, pravougaono/staklo, 1.0 l","IKEA 365+","(3039)","299","Cena 299RSD","Cena 299RSD","","","","","","Uporedi","299","RSD","Na zalihama u Beograd","","RSD","","","","","","","https://www.ikea.com/rs/sr/images/products/ikea-365-posuda-za-hranu-pravougaono-staklo__0711431_pe728247_s5.jpg?f=xxs","","https://www.ikea.com/rs/sr/images/products/ikea-365-posuda-za-hranu-pravougaono-staklo__1425133_pe979449_s5.jpg?f=xxs"
"1771928368-68","https://www.ikea.com/rs/sr/cat/posude-za-hranu-15937/?page=7","Korpa za hranu, metal/bela, 30x20x11 cm","IKEA 365+","(80)","699","Cena 699RSD","Cena 699RSD","","","","","","Uporedi","699","RSD","Na zalihama u Beograd","","RSD","","","","","","","https://www.ikea.com/rs/sr/images/products/ikea-365-korpa-za-hranu-metal-bela__1383814_pe962680_s5.jpg?f=xxs","","https://www.ikea.com/rs/sr/images/products/ikea-365-korpa-za-hranu-metal-bela__1501895_pe1007487_s5.jpg?f=xxs"
"1771928368-69","https://www.ikea.com/rs/sr/cat/posude-za-hranu-15937/?page=7","Staklena flaša sa zapušačem, bistro staklo, 1 l","KORKEN","(1712)","229","Cena 229RSD","Cena 229RSD","","","","","","Uporedi","229","RSD","Na zalihama u Beograd","","RSD","","","","","","","https://www.ikea.com/rs/sr/images/products/korken-staklena-flasa-sa-zapusacem-bistro-staklo__0711275_pe728113_s5.jpg?f=xxs","","https://www.ikea.com/rs/sr/images/products/korken-staklena-flasa-sa-zapusacem-bistro-staklo__0654695_pe708774_s5.jpg?f=xxs"
"1771928368-70","https://www.ikea.com/rs/sr/cat/posude-za-hranu-15937/?page=7","Roto-poslužavnik, organizator bambus, 28 cm","APTITLIG","(210)","1.799","Cena 1799RSD","Cena 1799RSD","","","","","","Uporedi","1.799","RSD","Na zalihama u Beograd","","RSD","","","","","","","https://www.ikea.com/rs/sr/images/products/aptitlig-roto-posluzavnik-organizator-bambus__1215085_pe911827_s5.jpg?f=xxs","","https://www.ikea.com/rs/sr/images/products/aptitlig-roto-posluzavnik-organizator-bambus__1232428_pe916530_s5.jpg?f=xxs"
"1771928368-71","https://www.ikea.com/rs/sr/cat/posude-za-hranu-15937/?page=7","Tegla s poklopcem, bež, 1 l","BRUGDHAJ","(73)","1.299","Cena 1299RSD","Cena 1299RSD","","","","","","Uporedi","1.299","RSD","Na zalihama u Beograd","","RSD","","","","","","","https://www.ikea.com/rs/sr/images/products/brugdhaj-tegla-s-poklopcem-bez__1383794_pe962670_s5.jpg?f=xxs","","https://www.ikea.com/rs/sr/images/products/brugdhaj-tegla-s-poklopcem-bez__1501919_pe1007495_s5.jpg?f=xxs"
"1771928368-72","https://www.ikea.com/rs/sr/cat/posude-za-hranu-15937/?page=7","Dozator za so/biber, bistro staklo/nerđajući čelik, 8 cm","CITRONHAJ","(421)","299","Cena 299RSD/2 komada","Cena 299RSD/2 komada","/2 komada","8 cm","","CITRONHAJ","Još opcijaCITRONHAJ","Uporedi","299","RSD","Na zalihama u Beograd","","RSD","","","","","","","https://www.ikea.com/rs/sr/images/products/citronhaj-dozator-za-so-biber-bistro-staklo-nerdajuci-celik__1220898_pe913576_s5.jpg?f=xxs","","https://www.ikea.com/rs/sr/images/products/citronhaj-dozator-za-so-biber-bistro-staklo-nerdajuci-celik__1196241_pe902855_s5.jpg?f=xxs"
"1771928368-73","https://www.ikea.com/rs/sr/cat/posude-za-hranu-15937/?page=7","Korpa za hranu, metal/svetlosiva-smeđa, 30x20x11 cm","IKEA 365+","(80)","699","Cena 699RSD","Cena 699RSD","","","","","","Uporedi","699","RSD","Na zalihama u Beograd","","RSD","","","","","","","https://www.ikea.com/rs/sr/images/products/ikea-365-korpa-za-hranu-metal-svetlosiva-smeda__1383810_pe962678_s5.jpg?f=xxs","","https://www.ikea.com/rs/sr/images/products/ikea-365-korpa-za-hranu-metal-svetlosiva-smeda__1398160_pe967872_s5.jpg?f=xxs"
"1771928368-74","https://www.ikea.com/rs/sr/cat/posude-za-hranu-15937/?page=7","Posuda za hranu s poklopcem, pravougaono/plastika, 2.0 l","IKEA 365+","(1189)","449","Cena 449RSD","Cena 449RSD","","2.0 l","","IKEA 365+","Još opcijaIKEA 365+","Uporedi","449","RSD","Na zalihama u Beograd","","RSD","","","","","","","https://www.ikea.com/rs/sr/images/products/ikea-365-posuda-za-hranu-s-poklopcem-pravougaono-plastika__0594331_pe675656_s5.jpg?f=xxs","","https://www.ikea.com/rs/sr/images/products/ikea-365-posuda-za-hranu-s-poklopcem-pravougaono-plastika__0897203_pe695011_s5.jpg?f=xxs"
"1771928368-75","https://www.ikea.com/rs/sr/cat/posude-za-hranu-15937/?page=7","Rashladna torba, 38x24x40 cm","KLOTPIL","(41)","1.999","Cena 1999RSD","Cena 1999RSD","","","","","","Uporedi","1.999","RSD","Na zalihama u Beograd","","RSD","","","","","","","https://www.ikea.com/rs/sr/images/products/klotpil-rashladna-torba__1353715_pe952294_s5.jpg?f=xxs","","https://www.ikea.com/rs/sr/images/products/klotpil-rashladna-torba__1353722_pe952301_s5.jpg?f=xxs"
"1771928368-76","https://www.ikea.com/rs/sr/cat/posude-za-hranu-15937/?page=7","Korpa sa povrćem/voćem, 2 kom., bambus","KANELMOTT","(54)","4.299","Cena 4299RSD","Cena 4299RSD","","","","","","Uporedi","4.299","RSD","Na zalihama u Beograd","","RSD","","","","","","","https://www.ikea.com/rs/sr/images/products/kanelmott-korpa-sa-povrcem-vocem-2-kom-bambus__1301419_pe937412_s5.jpg?f=xxs","","https://www.ikea.com/rs/sr/images/products/kanelmott-korpa-sa-povrcem-vocem-2-kom-bambus__1502099_pe1007516_s5.jpg?f=xxs"
"1771928368-77","https://www.ikea.com/rs/sr/cat/posude-za-hranu-15937/?page=7","Šećernik, bistro staklo/nerđajući čelik, 15 cm","CITRONHAJ","(72)","299","Cena 299RSD","Cena 299RSD","","","","","","Uporedi","299","RSD","Na zalihama u Beograd","Novo","RSD","","","","","","","https://www.ikea.com/rs/sr/images/products/citronhaj-secernik-bistro-staklo-nerdajuci-celik__1196292_pe902871_s5.jpg?f=xxs","","https://www.ikea.com/rs/sr/images/products/citronhaj-secernik-bistro-staklo-nerdajuci-celik__1228389_pe915675_s5.jpg?f=xxs"
"1771928368-78","https://www.ikea.com/rs/sr/cat/posude-za-hranu-15937/?page=7","Boca s levkom, staklo/smeđa, 19 cm","HALVTOM","(232)","499","Cena 499RSD","Cena 499RSD","","","","","","Uporedi","499","RSD","Na zalihama u Beograd","","RSD","","","","","","","https://www.ikea.com/rs/sr/images/products/halvtom-boca-s-levkom-staklo-smeda__1160954_pe889215_s5.jpg?f=xxs","","https://www.ikea.com/rs/sr/images/products/halvtom-boca-s-levkom-staklo-smeda__1160951_pe889212_s5.jpg?f=xxs"
"1771928368-79","https://www.ikea.com/rs/sr/cat/posude-za-hranu-15937/?page=7","Polica za začine, zelena, 20 cm","HUNDHAJ","(27)","199","Cena 199RSD","Cena 199RSD","","","","","","Uporedi","199","RSD","Na zalihama u Beograd","","RSD","","","","","","","https://www.ikea.com/rs/sr/images/products/hundhaj-polica-za-zacine-zelena__1401897_pe969094_s5.jpg?f=xxs","","https://www.ikea.com/rs/sr/images/products/hundhaj-polica-za-zacine-zelena__1415758_pe975508_s5.jpg?f=xxs"
"1771928368-80","https://www.ikea.com/rs/sr/cat/posude-za-hranu-15937/?page=7","Boca za ulje/sirće, bež, 19 cm","BRUGDHAJ","(124)","699","Cena 699RSD","Cena 699RSD","","","","","","Uporedi","699","RSD","Na zalihama u Beograd","","RSD","","","","","","","https://www.ikea.com/rs/sr/images/products/brugdhaj-boca-za-ulje-sirce-bez__1383800_pe962673_s5.jpg?f=xxs","","https://www.ikea.com/rs/sr/images/products/brugdhaj-boca-za-ulje-sirce-bez__1396412_pe967259_s5.jpg?f=xxs"
"1771928368-81","https://www.ikea.com/rs/sr/cat/posude-za-hranu-15937/?page=7","Posuda za hranu s poklopcem, pravougaono nerđajući čelik/plastika, 1.0 l","IKEA 365+","(135)","949","Cena 949RSD","Cena 949RSD","","1.0 l","","IKEA 365+","Još opcijaIKEA 365+","Uporedi","949","RSD","Na zalihama u Beograd","","RSD","","","","","","","https://www.ikea.com/rs/sr/images/products/ikea-365-posuda-za-hranu-s-poklopcem-pravougaono-nerdajuci-celik-plastika__1028768_pe835519_s5.jpg?f=xxs","","https://www.ikea.com/rs/sr/images/products/ikea-365-posuda-za-hranu-s-poklopcem-pravougaono-nerdajuci-celik-plastika__1414273_pe974748_s5.jpg?f=xxs"
"1771928368-82","https://www.ikea.com/rs/sr/cat/posude-za-hranu-15937/?page=7","Slanik/bibernik, 2 del., nerđajući čelik","PLATS","(194)","399","Cena 399RSD","Cena 399RSD","","","","","","Uporedi","399","RSD","Na zalihama u Beograd","","RSD","","","","","","","https://www.ikea.com/rs/sr/images/products/plats-slanik-bibernik-2-del-nerdajuci-celik__0712292_pe728718_s5.jpg?f=xxs","","https://www.ikea.com/rs/sr/images/products/plats-slanik-bibernik-2-del-nerdajuci-celik__0465583_pe610169_s5.jpg?f=xxs"
"1771928368-83","https://www.ikea.com/rs/sr/cat/posude-za-hranu-15937/?page=7","Mlin za začine, crna, 12.5 cm","IKEA 365+ IHÄRDIG","(815)","799","Cena 799RSD","Cena 799RSD","","","","","","Uporedi","799","RSD","Na zalihama u Beograd","","RSD","","","","","","","https://www.ikea.com/rs/sr/images/products/ikea-365-ihaerdig-mlin-za-zacine-crna__0719208_pe731925_s5.jpg?f=xxs","","https://www.ikea.com/rs/sr/images/products/ikea-365-ihaerdig-mlin-za-zacine-crna__0980362_pe814907_s5.jpg?f=xxs"
"1771928368-84","https://www.ikea.com/rs/sr/cat/posude-za-hranu-15937/?page=7","Posuda za hranu s poklopcem, pravougaono nerđajući čelik/bambus, 1.0 l","IKEA 365+","(64)","999","Cena 999RSD","Cena 999RSD","","","","","","Uporedi","999","RSD","Na zalihama u Beograd","","RSD","","","","","","","https://www.ikea.com/rs/sr/images/products/ikea-365-posuda-za-hranu-s-poklopcem-pravougaono-nerdajuci-celik-bambus__1028766_pe835514_s5.jpg?f=xxs","","https://www.ikea.com/rs/sr/images/products/ikea-365-posuda-za-hranu-s-poklopcem-pravougaono-nerdajuci-celik-bambus__1028767_pe835515_s5.jpg?f=xxs"
"1771928368-85","https://www.ikea.com/rs/sr/cat/posude-za-hranu-15937/?page=7","Tegla s poklopcem, crna, 1 l","EKLATERA","(389)","799","Cena 799RSD","Cena 799RSD","","","","","","Uporedi","799","RSD","Na zalihama u Beograd","","RSD","","","","","","","https://www.ikea.com/rs/sr/images/products/eklatera-tegla-s-poklopcem-crna__1353525_pe952242_s5.jpg?f=xxs","","https://www.ikea.com/rs/sr/images/products/eklatera-tegla-s-poklopcem-crna__1441647_pe986612_s5.jpg?f=xxs"
"1771928368-86","https://www.ikea.com/rs/sr/cat/posude-za-hranu-15937/?page=7","Tegla s poklopcem, bistro staklo, 2 l","KORKEN","(2931)","499","Cena 499RSD","Cena 499RSD","","","","","","Uporedi","499","RSD","Na zalihama u Beograd","","RSD","","","","","","","https://www.ikea.com/rs/sr/images/products/korken-tegla-s-poklopcem-bistro-staklo__0711112_pe727968_s5.jpg?f=xxs","","https://www.ikea.com/rs/sr/images/products/korken-tegla-s-poklopcem-bistro-staklo__1534504_pe1016159_s5.jpg?f=xxs"
"1771928368-87","https://www.ikea.com/rs/sr/cat/posude-za-hranu-15937/?page=7","Roto-posuda za odlaganje, providno","SNURRAD","(383)","4.499","Cena 4499RSD","Cena 4499RSD","","","","","","Uporedi","4.499","RSD","Na zalihama u Beograd","","RSD","","","","","","","https://www.ikea.com/rs/sr/images/products/snurrad-roto-posuda-za-odlaganje-providno__1012819_pe829032_s5.jpg?f=xxs","","https://www.ikea.com/rs/sr/images/products/snurrad-roto-posuda-za-odlaganje-providno__1012822_pe829033_s5.jpg?f=xxs"
"1771928368-88","https://www.ikea.com/rs/sr/cat/posude-za-hranu-15937/?page=7","Kutija za odlaganje za frižider, providno, 32x10x14 cm","KLIPPKAKTUS","(585)","499","Cena 499RSD","Cena 499RSD","","32x10x14 cm","","KLIPPKAKTUS","Još opcijaKLIPPKAKTUS","Uporedi","499","RSD","Na zalihama u Beograd","","RSD","","","","","","","https://www.ikea.com/rs/sr/images/products/klippkaktus-kutija-za-odlaganje-za-frizider-providno__1243259_pe920528_s5.jpg?f=xxs","","https://www.ikea.com/rs/sr/images/products/klippkaktus-kutija-za-odlaganje-za-frizider-providno__1275793_pe930678_s5.jpg?f=xxs"
"1771928368-89","https://www.ikea.com/rs/sr/cat/posude-za-hranu-15937/?page=7","Korpa za hranu, metal/svetlosiva-smeđa, 14x14x10 cm","IKEA 365+","(156)","499","Cena 499RSD","Cena 499RSD","","","","","","Uporedi","499","RSD","Na zalihama u Beograd","","RSD","","","","","","","https://www.ikea.com/rs/sr/images/products/ikea-365-korpa-za-hranu-metal-svetlosiva-smeda__1383808_pe962677_s5.jpg?f=xxs","","https://www.ikea.com/rs/sr/images/products/ikea-365-korpa-za-hranu-metal-svetlosiva-smeda__1398159_pe967873_s5.jpg?f=xxs"
"1771928368-90","https://www.ikea.com/rs/sr/cat/posude-za-hranu-15937/?page=7","Zidna polica s vakuumskim držačem, sivo-bež, 28 cm","ÖBONÄS","(132)","499","Cena 499RSD","Cena 499RSD","","","","","","Uporedi","499","RSD","Na zalihama u Beograd","","RSD","","","","","","","https://www.ikea.com/rs/sr/images/products/oebonaes-zidna-polica-s-vakuumskim-drzacem-sivo-bez__1391335_pe965752_s5.jpg?f=xxs","","https://www.ikea.com/rs/sr/images/products/oebonaes-zidna-polica-s-vakuumskim-drzacem-sivo-bez__1413064_pe974160_s5.jpg?f=xxs"
"1771928368-91","https://www.ikea.com/rs/sr/cat/posude-za-hranu-15937/?page=7","Prenosivi organizator, drvo, 12x11 cm","CHOKLADHAJ","(39)","599","Cena 599RSD","Cena 599RSD","","","","","","Uporedi","599","RSD","Na zalihama u Beograd","","RSD","","","","","","","https://www.ikea.com/rs/sr/images/products/chokladhaj-prenosivi-organizator-drvo__1395474_pe967062_s5.jpg?f=xxs","","https://www.ikea.com/rs/sr/images/products/chokladhaj-prenosivi-organizator-drvo__1395472_pe967064_s5.jpg?f=xxs"
"1771928368-92","https://www.ikea.com/rs/sr/cat/posude-za-hranu-15937/?page=7","Posuda za hranu s poklopcem, veliko pravougaono/staklo bambus, 3.1 l","IKEA 365+","(339)","1.498","Cena 1498RSD","Cena 1498RSD","","","","","","Uporedi","1.498","RSD","Na zalihama u Beograd","","RSD","","","","","","","https://www.ikea.com/rs/sr/images/products/ikea-365-posuda-za-hranu-s-poklopcem-veliko-pravougaono-staklo-bambus__1385840_pe963466_s5.jpg?f=xxs","","https://www.ikea.com/rs/sr/images/products/ikea-365-posuda-za-hranu-s-poklopcem-veliko-pravougaono-staklo-bambus__0945336_ph171874_s5.jpg?f=xxs"
"1771928368-93","https://www.ikea.com/rs/sr/cat/posude-za-hranu-15937/?page=7","Konzerva s poklopcem, za kafu/čaj/srebrna, 1.3 l","BETTHAJ","(27)","349","Cena 349RSD","Cena 349RSD","","","","","","Uporedi","349","RSD","Na zalihama u Beograd","Novo","RSD","","","","","","","https://www.ikea.com/rs/sr/images/products/betthaj-konzerva-s-poklopcem-za-kafu-caj-srebrna__1432528_pe982822_s5.jpg?f=xxs","","https://www.ikea.com/rs/sr/images/products/betthaj-konzerva-s-poklopcem-za-kafu-caj-srebrna__1501888_pe1007486_s5.jpg?f=xxs"
"1771928368-94","https://www.ikea.com/rs/sr/cat/posude-za-hranu-15937/?page=7","Etiketa s kanapom, 9 kom., bela","FÖNSTERFIKUS","(34)","149","Cena 149RSD","Cena 149RSD","","","","","","Uporedi","149","RSD","Na zalihama u Beograd","","RSD","","","","","","","https://www.ikea.com/rs/sr/images/products/foensterfikus-etiketa-s-kanapom-9-kom-bela__1274979_pe930511_s5.jpg?f=xxs","","https://www.ikea.com/rs/sr/images/products/foensterfikus-etiketa-s-kanapom-9-kom-bela__1274976_pe930510_s5.jpg?f=xxs"
"1771928368-95","https://www.ikea.com/rs/sr/cat/posude-za-hranu-15937/?page=7","Posuda za hranu s poklopcem, pravougaono/plastika, 1.0 l","IKEA 365+","(1209)","399","Cena 399RSD","Cena 399RSD","","","","","","Uporedi","399","RSD","Na zalihama u Beograd","","RSD","","","","","","","https://www.ikea.com/rs/sr/images/products/ikea-365-posuda-za-hranu-s-poklopcem-pravougaono-plastika__0594323_pe675642_s5.jpg?f=xxs","","https://www.ikea.com/rs/sr/images/products/ikea-365-posuda-za-hranu-s-poklopcem-pravougaono-plastika__1414273_pe974748_s5.jpg?f=xxs"
"1771928368-96","https://www.ikea.com/rs/sr/cat/posude-za-hranu-15937/?page=7","Rashladna torba, plava, 38x40 cm","FRAKTA","(772)","299","Cena 299RSD","Cena 299RSD","","","","","","Uporedi","299","RSD","Na zalihama u Beograd","","RSD","","","","","","","https://www.ikea.com/rs/sr/images/products/frakta-rashladna-torba-plava__0783598_pe761535_s5.jpg?f=xxs","","https://www.ikea.com/rs/sr/images/products/frakta-rashladna-torba-plava__0783606_pe761539_s5.jpg?f=xxs"
"1771928368-97","https://www.ikea.com/rs/sr/cat/posude-za-hranu-15937/?page=7","Staklena flaša sa zapušačem, bistro staklo, 0.5 l","KORKEN","(1190)","149","Cena 149RSD","Cena 149RSD","","","","","","Uporedi","149","RSD","Na zalihama u Beograd","","RSD","","","","","","","https://www.ikea.com/rs/sr/images/products/korken-staklena-flasa-sa-zapusacem-bistro-staklo__0442702_pe593897_s5.jpg?f=xxs","","https://www.ikea.com/rs/sr/images/products/korken-staklena-flasa-sa-zapusacem-bistro-staklo__0896862_pe609362_s5.jpg?f=xxs"
"1771928368-98","https://www.ikea.com/rs/sr/cat/posude-za-hranu-15937/?page=7","Mlin za začine, bagrem, 27 cm","INTRESSANT","(199)","2.499","Cena 2499RSD","Cena 2499RSD","","","","","","Uporedi","2.499","RSD","Na zalihama u Beograd","","RSD","Poslednja prilika za kupovinu","","","","","","https://www.ikea.com/rs/sr/images/products/intressant-mlin-za-zacine-bagrem__0711108_pe727964_s5.jpg?f=xxs","","https://www.ikea.com/rs/sr/images/products/intressant-mlin-za-zacine-bagrem__1430905_pe982185_s5.jpg?f=xxs"
"1771928368-99","https://www.ikea.com/rs/sr/cat/posude-za-hranu-15937/?page=7","Roto-posuda za odlaganje","KLIPPKAKTUS","(364)","1.299","Cena 1299RSD","Cena 1299RSD","","","","","","Uporedi","1.299","RSD","Na zalihama u Beograd","","RSD","","","","","","","https://www.ikea.com/rs/sr/images/products/klippkaktus-roto-posuda-za-odlaganje__1243264_pe920533_s5.jpg?f=xxs","","https://www.ikea.com/rs/sr/images/products/klippkaktus-roto-posuda-za-odlaganje__1368765_pe957902_s5.jpg?f=xxs"
"1771928368-100","https://www.ikea.com/rs/sr/cat/posude-za-hranu-15937/?page=7","Dozator za so/biber, staklo/smeđa, 12 cm","HALVTOM","(72)","699","Cena 699RSD/2 komada","Cena 699RSD/2 komada","/2 komada","","","","","Uporedi","699","RSD","Na zalihama u Beograd","","RSD","","","","","","","https://www.ikea.com/rs/sr/images/products/halvtom-dozator-za-so-biber-staklo-smeda__1160950_pe889211_s5.jpg?f=xxs","","https://www.ikea.com/rs/sr/images/products/halvtom-dozator-za-so-biber-staklo-smeda__1160947_pe889208_s5.jpg?f=xxs"
"1771928368-101","https://www.ikea.com/rs/sr/cat/posude-za-hranu-15937/?page=7","Posuda za hranu s poklopcem, pravougaono staklo/plastika, 1.8 l","IKEA 365+","(1597)","699","Cena 699RSD","Cena 699RSD","","","","","","Uporedi","699","RSD","Na zalihama u Beograd","","RSD","","","","","","","https://www.ikea.com/rs/sr/images/products/ikea-365-posuda-za-hranu-s-poklopcem-pravougaono-staklo-plastika__0594330_pe675654_s5.jpg?f=xxs","","https://www.ikea.com/rs/sr/images/products/ikea-365-posuda-za-hranu-s-poklopcem-pravougaono-staklo-plastika__0897022_pe695009_s5.jpg?f=xxs"
"1771928368-102","https://www.ikea.com/rs/sr/cat/posude-za-hranu-15937/?page=7","Držač posuđa, bež, 15 cm","BRUGDHAJ","(60)","1.299","Cena 1299RSD","Cena 1299RSD","","","","","","Uporedi","1.299","RSD","Na zalihama u Beograd","","RSD","","","","","","","https://www.ikea.com/rs/sr/images/products/brugdhaj-drzac-posuda-bez__1383806_pe962676_s5.jpg?f=xxs","","https://www.ikea.com/rs/sr/images/products/brugdhaj-drzac-posuda-bez__1395675_pe967276_s5.jpg?f=xxs"
"1771928368-103","https://www.ikea.com/rs/sr/cat/posude-za-hranu-15937/?page=7","Flaša za vodu, tamnosiva, 0.5 l","IKEA 365+","(872)","349","Cena 349RSD","Cena 349RSD","","","","","","Uporedi","349","RSD","Na zalihama u Beograd","","RSD","","","","","","","https://www.ikea.com/rs/sr/images/products/ikea-365-flasa-za-vodu-tamnosiva__0916298_pe785100_s5.jpg?f=xxs","","https://www.ikea.com/rs/sr/images/products/ikea-365-flasa-za-vodu-tamnosiva__1042535_pe841462_s5.jpg?f=xxs"
"1771928368-104","https://www.ikea.com/rs/sr/cat/posude-za-hranu-15937/?page=7","Korpa za hranu s poklopcem, kvadrat metal/bela bambus, 15x15x11 cm","IKEA 365+","(96)","749","Cena 749RSD","Cena 749RSD","","","","","","Uporedi","749","RSD","Na zalihama u Beograd","","RSD","","","","","","","https://www.ikea.com/rs/sr/images/products/ikea-365-korpa-za-hranu-s-poklopcem-kvadrat-metal-bela-bambus__1394746_pe966728_s5.jpg?f=xxs","","https://www.ikea.com/rs/sr/images/products/ikea-365-korpa-za-hranu-s-poklopcem-kvadrat-metal-bela-bambus__1398151_pe967860_s5.jpg?f=xxs"
"1771928368-105","https://www.ikea.com/rs/sr/cat/posude-za-hranu-15937/?page=7","Vrećica s kopčom, dezenirano/zelena, 6/4.5 l","ISTAD","(1260)","449","Cena 449RSD/30 komada","Cena 449RSD/30 komada","/30 komada","","","","","Uporedi","449","RSD","Na zalihama u Beograd","","RSD","","","","","","","https://www.ikea.com/rs/sr/images/products/istad-vrecica-s-kopcom-dezenirano-zelena__1105120_pe868046_s5.jpg?f=xxs","","https://www.ikea.com/rs/sr/images/products/istad-vrecica-s-kopcom-dezenirano-zelena__1481325_pe1000494_s5.jpg?f=xxs"
"1771928368-106","https://www.ikea.com/rs/sr/cat/posude-za-hranu-15937/?page=7","Posuda za hranu, veliko pravougaono/staklo, 3.1 l","IKEA 365+","(775)","699","Cena 699RSD","Cena 699RSD","","","","","","Uporedi","699","RSD","Na zalihama u Beograd","","RSD","","","","","","","https://www.ikea.com/rs/sr/images/products/ikea-365-posuda-za-hranu-veliko-pravougaono-staklo__0711437_pe728253_s5.jpg?f=xxs","","https://www.ikea.com/rs/sr/images/products/ikea-365-posuda-za-hranu-veliko-pravougaono-staklo__0945336_ph171874_s5.jpg?f=xxs"
"1771928368-107","https://www.ikea.com/rs/sr/cat/posude-za-hranu-15937/?page=7","Tegla s poklopcem, bistro staklo, 1.8 l","KORKEN","(2931)","499","Cena 499RSD","Cena 499RSD","","","","","","Uporedi","499","RSD","Na zalihama u Beograd","","RSD","","","","","","","https://www.ikea.com/rs/sr/images/products/korken-tegla-s-poklopcem-bistro-staklo__0713741_pe729737_s5.jpg?f=xxs","","https://www.ikea.com/rs/sr/images/products/korken-tegla-s-poklopcem-bistro-staklo__1425264_pe979479_s5.jpg?f=xxs"
"1771928368-108","https://www.ikea.com/rs/sr/cat/posude-za-hranu-15937/?page=7","Vrećica s kopčom, dezenirano/crna žuta, 1/0.4 l","ISTAD","(2189)","449","Cena 449RSD/60 komada","Cena 449RSD/60 komada","/60 komada","","","","","Uporedi","449","RSD","Na zalihama u Beograd","","RSD","","","","","","","https://www.ikea.com/rs/sr/images/products/istad-vrecica-s-kopcom-dezenirano-crna-zuta__1105124_pe868026_s5.jpg?f=xxs","","https://www.ikea.com/rs/sr/images/products/istad-vrecica-s-kopcom-dezenirano-crna-zuta__1105121_pe868047_s5.jpg?f=xxs"
"1771928368-109","https://www.ikea.com/rs/sr/cat/posude-za-hranu-15937/?page=7","Boca za ulje/sirće, plava, 19 cm","BRUGDHAJ","(124)","699","Cena 699RSD","Cena 699RSD","","","","","","Uporedi","699","RSD","Na zalihama u Beograd","","RSD","","","","","","","https://www.ikea.com/rs/sr/images/products/brugdhaj-boca-za-ulje-sirce-plava__1383802_pe962674_s5.jpg?f=xxs","","https://www.ikea.com/rs/sr/images/products/brugdhaj-boca-za-ulje-sirce-plava__1396413_pe967258_s5.jpg?f=xxs"
"1771928368-110","https://www.ikea.com/rs/sr/cat/posude-za-hranu-15937/?page=7","Posuda za hranu, kvadrat/plastika, 1.4 l","IKEA 365+","(641)","149","Cena 149RSD","Cena 149RSD","","1.4 l","","IKEA 365+","Još opcijaIKEA 365+","Uporedi","149","RSD","Na zalihama u Beograd","","RSD","","","","","","","https://www.ikea.com/rs/sr/images/products/ikea-365-posuda-za-hranu-kvadrat-plastika__0711439_pe728231_s5.jpg?f=xxs","","https://www.ikea.com/rs/sr/images/products/ikea-365-posuda-za-hranu-kvadrat-plastika__1414425_pe974793_s5.jpg?f=xxs"
"1771928368-111","https://www.ikea.com/rs/sr/cat/posude-za-hranu-15937/?page=7","Termos, nerđajući čelik/crna, 35 cl","ENVÄLDIG","(385)","999","Cena 999RSD","Cena 999RSD","","","","","","Uporedi","999","RSD","Na zalihama u Beograd","","RSD","","","","","","","https://www.ikea.com/rs/sr/images/products/envaeldig-termos-nerdajuci-celik-crna__1061539_pe850506_s5.jpg?f=xxs","","https://www.ikea.com/rs/sr/images/products/envaeldig-termos-nerdajuci-celik-crna__1061535_pe850505_s5.jpg?f=xxs"
"1771928368-112","https://www.ikea.com/rs/sr/cat/posude-za-hranu-15937/?page=7","Staklena flaša sa zapušačem, bistro staklo, 15 cl","KORKEN","(1190)","499","Cena 499RSD/3 komada","Cena 499RSD/3 komada","/3 komada","","","","","Uporedi","499","RSD","Na zalihama u Beograd","","RSD","","","","","","","https://www.ikea.com/rs/sr/images/products/korken-staklena-flasa-sa-zapusacem-bistro-staklo__0915381_pe784758_s5.jpg?f=xxs","","https://www.ikea.com/rs/sr/images/products/korken-staklena-flasa-sa-zapusacem-bistro-staklo__0915382_pe784759_s5.jpg?f=xxs"
"1771928368-113","https://www.ikea.com/rs/sr/cat/posude-za-hranu-15937/?page=7","Posuda za hranu s poklopcem, pravougaono staklo/bambus, 1.8 l","IKEA 365+","(339)","749","Cena 749RSD","Cena 749RSD","","","","","","Uporedi","749","RSD","Na zalihama u Beograd","","RSD","","","","","","","https://www.ikea.com/rs/sr/images/products/ikea-365-posuda-za-hranu-s-poklopcem-pravougaono-staklo-bambus__0594327_pe675652_s5.jpg?f=xxs","","https://www.ikea.com/rs/sr/images/products/ikea-365-posuda-za-hranu-s-poklopcem-pravougaono-staklo-bambus__0627582_ph150455_s5.jpg?f=xxs"
"1771928368-114","https://www.ikea.com/rs/sr/cat/posude-za-hranu-15937/?page=7","Poklopac, pravougaono/plastika","IKEA 365+","(3181)","250","Cena 250RSD","Cena 250RSD","","","","","","Uporedi","250","RSD","Na zalihama u Beograd","","RSD","","","","","","","https://www.ikea.com/rs/sr/images/products/ikea-365-poklopac-pravougaono-plastika__0710820_pe727784_s5.jpg?f=xxs","","https://www.ikea.com/rs/sr/images/products/ikea-365-poklopac-pravougaono-plastika__1414270_pe974745_s5.jpg?f=xxs"
"1771928368-115","https://www.ikea.com/rs/sr/cat/posude-za-hranu-15937/?page=7","Stalaža za boce, borovina, 77x28 cm","HEJNE","(10)","799","Cena 799RSD","Cena 799RSD","","","","","","Uporedi","799","RSD","Na zalihama u Beograd","","RSD","","","","","","","https://www.ikea.com/rs/sr/images/products/hejne-stalaza-za-boce-borovina__16704_pe100977_s5.jpg?f=xxs","",""
"1771928368-116","https://www.ikea.com/rs/sr/cat/posude-za-hranu-15937/?page=7","Poklopac za hranu, silikon, 22x31 cm","ÖVERMÄTT","(110)","699","Cena 699RSD","Cena 699RSD","","","","","","Uporedi","699","RSD","Na zalihama u Beograd","","RSD","","","","","","","https://www.ikea.com/rs/sr/images/products/oevermaett-poklopac-za-hranu-silikon__1062700_pe850942_s5.jpg?f=xxs","","https://www.ikea.com/rs/sr/images/products/oevermaett-poklopac-za-hranu-silikon__1062678_pe850930_s5.jpg?f=xxs"
"1771928368-117","https://www.ikea.com/rs/sr/cat/posude-za-hranu-15937/?page=7","Poklopac, okruglo/plastika","IKEA 365+","(2995)","200","Cena 200RSD","Cena 200RSD","","","","","","Uporedi","200","RSD","Na zalihama u Beograd","","RSD","Poslednja prilika za kupovinu","","","","","","https://www.ikea.com/rs/sr/images/products/ikea-365-poklopac-okruglo-plastika__0710829_pe727793_s5.jpg?f=xxs","","https://www.ikea.com/rs/sr/images/products/ikea-365-poklopac-okruglo-plastika__1005984_pe825649_s5.jpg?f=xxs"
"1771928368-118","https://www.ikea.com/rs/sr/cat/posude-za-hranu-15937/?page=7","Flaša za vodu, nerđajući čelik/crna, 0.7 l","ENKELSPÅRIG","(666)","799","Cena 799RSD","Cena 799RSD","","","","","","Uporedi","799","RSD","Na zalihama u Beograd","","RSD","","","","","","","https://www.ikea.com/rs/sr/images/products/enkelsparig-flasa-za-vodu-nerdajuci-celik-crna__1028566_pe835407_s5.jpg?f=xxs","","https://www.ikea.com/rs/sr/images/products/enkelsparig-flasa-za-vodu-nerdajuci-celik-crna__1028567_pe835408_s5.jpg?f=xxs"
"1771928368-119","https://www.ikea.com/rs/sr/cat/posude-za-hranu-15937/?page=7","Složiva kut. za ručak za suvu hranu, svetlozelena","UTBJUDA","(354)","499","Cena 499RSD","Cena 499RSD","","","","","","Uporedi","499","RSD","Na zalihama u Beograd","","RSD","","","","","","","https://www.ikea.com/rs/sr/images/products/utbjuda-sloziva-kut-za-rucak-za-suvu-hranu-svetlozelena__1402343_pe969146_s5.jpg?f=xxs","","https://www.ikea.com/rs/sr/images/products/utbjuda-sloziva-kut-za-rucak-za-suvu-hranu-svetlozelena__1465193_pe994964_s5.jpg?f=xxs"
"1771928368-120","https://www.ikea.com/rs/sr/cat/posude-za-hranu-15937/?page=7","Korpa za hranu s poklopcem, pravougaono metal/bela bambus, 32x21x13 cm","IKEA 365+","(40)","1.498","Cena 1498RSD","Cena 1498RSD","","","","","","Uporedi","1.498","RSD","Na zalihama u Beograd","","RSD","","","","","","","https://www.ikea.com/rs/sr/images/products/ikea-365-korpa-za-hranu-s-poklopcem-pravougaono-metal-bela-bambus__1394748_pe966730_s5.jpg?f=xxs","","https://www.ikea.com/rs/sr/images/products/ikea-365-korpa-za-hranu-s-poklopcem-pravougaono-metal-bela-bambus__1398155_pe967864_s5.jpg?f=xxs"
"1771928368-121","https://www.ikea.com/rs/sr/cat/posude-za-hranu-15937/?page=7","Mlin za začine, bistro staklo/nerđajući čelik, 15 cm","CITRONHAJ","(107)","499","Cena 499RSD","Cena 499RSD","","","","","","Uporedi","499","RSD","Na zalihama u Beograd","","RSD","","","","","","","https://www.ikea.com/rs/sr/images/products/citronhaj-mlin-za-zacine-bistro-staklo-nerdajuci-celik__1236660_pe917714_s5.jpg?f=xxs","","https://www.ikea.com/rs/sr/images/products/citronhaj-mlin-za-zacine-bistro-staklo-nerdajuci-celik__1196286_pe902870_s5.jpg?f=xxs"
"1771928368-122","https://www.ikea.com/rs/sr/cat/posude-za-hranu-15937/?page=7","Korpa za hranu s poklopcem, pravougaono metal/svetlosiva-smeđa bambus, 32x21x13 cm","IKEA 365+","(40)","1.498","Cena 1498RSD","Cena 1498RSD","","","","","","Uporedi","1.498","RSD","Na zalihama u Beograd","","RSD","","","","","","","https://www.ikea.com/rs/sr/images/products/ikea-365-korpa-za-hranu-s-poklopcem-pravougaono-metal-svetlosiva-smeda-bambus__1394747_pe966731_s5.jpg?f=xxs","","https://www.ikea.com/rs/sr/images/products/ikea-365-korpa-za-hranu-s-poklopcem-pravougaono-metal-svetlosiva-smeda-bambus__1398153_pe967862_s5.jpg?f=xxs"
"1771928368-123","https://www.ikea.com/rs/sr/cat/posude-za-hranu-15937/?page=7","Posuda za hranu, kvadrat/staklo, 600 ml","IKEA 365+","(3042)","269","Cena 269RSD","Cena 269RSD","","600 ml","","IKEA 365+","Još opcijaIKEA 365+","Uporedi","269","RSD","Na zalihama u Beograd","","RSD","","","","","","","https://www.ikea.com/rs/sr/images/products/ikea-365-posuda-za-hranu-kvadrat-staklo__0711417_pe728233_s5.jpg?f=xxs","","https://www.ikea.com/rs/sr/images/products/ikea-365-posuda-za-hranu-kvadrat-staklo__1414196_pe974722_s5.jpg?f=xxs"
"1771928368-124","https://www.ikea.com/rs/sr/cat/posude-za-hranu-15937/?page=7","Posuda za hranu, pravougaono/nerđajući čelik, 1.0 l","IKEA 365+","(1902)","699","Cena 699RSD","Cena 699RSD","","","","","","Uporedi","699","RSD","Na zalihama u Beograd","","RSD","","","","","","","https://www.ikea.com/rs/sr/images/products/ikea-365-posuda-za-hranu-pravougaono-nerdajuci-celik__1015810_pe835953_s5.jpg?f=xxs","","https://www.ikea.com/rs/sr/images/products/ikea-365-posuda-za-hranu-pravougaono-nerdajuci-celik__1414273_pe974748_s5.jpg?f=xxs"
"1771928368-125","https://www.ikea.com/rs/sr/cat/posude-za-hranu-15937/?page=7","Polica za boce, galvanizovano, 46x36x94 cm","OMAR","(213)","4.499","Cena 4499RSD","Cena 4499RSD","","","","","","Uporedi","4.499","RSD","Na zalihama u Beograd","","RSD","","","","","","","https://www.ikea.com/rs/sr/images/products/omar-polica-za-boce-galvanizovano__0650974_pe706615_s5.jpg?f=xxs","","https://www.ikea.com/rs/sr/images/products/omar-polica-za-boce-galvanizovano__1187552_pe899228_s5.jpg?f=xxs"
"1771928368-126","https://www.ikea.com/rs/sr/cat/posude-za-hranu-15937/?page=7","Posuda za hranu, pravougaono/plastika, 1.0 l","IKEA 365+","(641)","149","Cena 149RSD","Cena 149RSD","","","","","","Uporedi","149","RSD","Na zalihama u Beograd","","RSD","","","","","","","https://www.ikea.com/rs/sr/images/products/ikea-365-posuda-za-hranu-pravougaono-plastika__0711422_pe728238_s5.jpg?f=xxs","","https://www.ikea.com/rs/sr/images/products/ikea-365-posuda-za-hranu-pravougaono-plastika__1414273_pe974748_s5.jpg?f=xxs"
"1771928368-127","https://www.ikea.com/rs/sr/cat/posude-za-hranu-15937/?page=7","Poklopac za hranu, 2 kom., silikon","ÖVERMÄTT","(4358)","699","Cena 699RSD","Cena 699RSD","","","","","","Uporedi","699","RSD","Na zalihama u Beograd","","RSD","","","","","","","https://www.ikea.com/rs/sr/images/products/oevermaett-poklopac-za-hranu-2-kom-silikon__1062697_pe850941_s5.jpg?f=xxs","","https://www.ikea.com/rs/sr/images/products/oevermaett-poklopac-za-hranu-2-kom-silikon__1062675_pe850927_s5.jpg?f=xxs"
"1771928368-128","https://www.ikea.com/rs/sr/cat/posude-za-hranu-15937/?page=7","Termos, crna, 0.4 l","UNDERSÖKA","(429)","999","Cena 999RSD","Cena 999RSD","","","","","","Uporedi","999","RSD","Na zalihama u Beograd","","RSD","","","","","","","https://www.ikea.com/rs/sr/images/products/undersoeka-termos-crna__0985610_pe816700_s5.jpg?f=xxs","","https://www.ikea.com/rs/sr/images/products/undersoeka-termos-crna__0985613_pe816704_s5.jpg?f=xxs"
"1771928368-129","https://www.ikea.com/rs/sr/cat/posude-za-hranu-15937/?page=7","Mlin za začine, staklo/smeđa, 19 cm","HALVTOM","(75)","1.299","Cena 1299RSD/2 komada","Cena 1299RSD/2 komada","/2 komada","","","","","Uporedi","1.299","RSD","Na zalihama u Beograd","","RSD","","","","","","","https://www.ikea.com/rs/sr/images/products/halvtom-mlin-za-zacine-staklo-smeda__1160942_pe889203_s5.jpg?f=xxs","","https://www.ikea.com/rs/sr/images/products/halvtom-mlin-za-zacine-staklo-smeda__1160939_pe889200_s5.jpg?f=xxs"
"1771928368-130","https://www.ikea.com/rs/sr/cat/posude-za-hranu-15937/?page=7","Postolje za sliku, prozirno, 60 cm","MELLÖSA","(218)","1.699","Cena 1699RSD","Cena 1699RSD","","","","","","Uporedi","1.699","RSD","Na zalihama u Beograd","","RSD","","","","","","","https://www.ikea.com/rs/sr/images/products/melloesa-postolje-za-sliku-prozirno__0689494_pe722995_s5.jpg?f=xxs","","https://www.ikea.com/rs/sr/images/products/melloesa-postolje-za-sliku-prozirno__0788574_pe763756_s5.jpg?f=xxs"
"1771928368-131","https://www.ikea.com/rs/sr/cat/posude-za-hranu-15937/?page=7","Korpa za hranu s poklopcem, kvadrat metal/svetlosiva-smeđa bambus, 15x15x11 cm","IKEA 365+","(96)","749","Cena 749RSD","Cena 749RSD","","","","","","Uporedi","749","RSD","Na zalihama u Beograd","","RSD","","","","","","","https://www.ikea.com/rs/sr/images/products/ikea-365-korpa-za-hranu-s-poklopcem-kvadrat-metal-svetlosiva-smeda-bambus__1394749_pe966729_s5.jpg?f=xxs","","https://www.ikea.com/rs/sr/images/products/ikea-365-korpa-za-hranu-s-poklopcem-kvadrat-metal-svetlosiva-smeda-bambus__1398158_pe967867_s5.jpg?f=xxs"
"1771928368-132","https://www.ikea.com/rs/sr/cat/posude-za-hranu-15937/?page=7","Polica za vino, smeđa/bajcovana jasenovina, 40x37x40 cm","VADHOLMA","(16)","7.000","Cena 7000RSD","Cena 7000RSD","","","","","","Uporedi","7.000","RSD","Na zalihama u Beograd","","RSD","","","","","","","https://www.ikea.com/rs/sr/images/products/vadholma-polica-za-vino-smeda-bajcovana-jasenovina__0551834_pe658804_s5.jpg?f=xxs","","https://www.ikea.com/rs/sr/images/products/vadholma-polica-za-vino-smeda-bajcovana-jasenovina__0862828_pe658788_s5.jpg?f=xxs"
"1771928368-133","https://www.ikea.com/rs/sr/cat/posude-za-hranu-15937/?page=7","Posuda za hranu, pravougaono/staklo, 1.8 l","IKEA 365+","(775)","449","Cena 449RSD","Cena 449RSD","","","","","","Uporedi","449","RSD","Na zalihama u Beograd","","RSD","","","","","","","https://www.ikea.com/rs/sr/images/products/ikea-365-posuda-za-hranu-pravougaono-staklo__0711432_pe728248_s5.jpg?f=xxs","","https://www.ikea.com/rs/sr/images/products/ikea-365-posuda-za-hranu-pravougaono-staklo__0627582_ph150455_s5.jpg?f=xxs"
"1771928368-134","https://www.ikea.com/rs/sr/cat/posude-za-hranu-15937/?page=7","Poklopac, pravougaono/bambus","IKEA 365+","(811)","300","Cena 300RSD","Cena 300RSD","","","","","","Uporedi","300","RSD","Na zalihama u Beograd","","RSD","","","","","","","https://www.ikea.com/rs/sr/images/products/ikea-365-poklopac-pravougaono-bambus__0710821_pe727785_s5.jpg?f=xxs","","https://www.ikea.com/rs/sr/images/products/ikea-365-poklopac-pravougaono-bambus__1414476_pe974818_s5.jpg?f=xxs"
"1771928368-135","https://www.ikea.com/rs/sr/cat/posude-za-hranu-15937/?page=7","Poklopac, kvadrat/plastika","IKEA 365+","(3127)","200","Cena 200RSD","Cena 200RSD","","","","","","Uporedi","200","RSD","Na zalihama u Beograd","","RSD","","","","","","","https://www.ikea.com/rs/sr/images/products/ikea-365-poklopac-kvadrat-plastika__0710814_pe727778_s5.jpg?f=xxs","","https://www.ikea.com/rs/sr/images/products/ikea-365-poklopac-kvadrat-plastika__1414270_pe974745_s5.jpg?f=xxs"
"1771928368-136","https://www.ikea.com/rs/sr/cat/posude-za-hranu-15937/?page=7","Polica za vino, siva, 40x37x40 cm","TORNVIKEN","(23)","8.000","8000RSD","8000RSD","","","","TORNVIKEN","Još opcijaTORNVIKEN","Uporedi","8.000","RSD","Na zalihama u Beograd","","RSD","Poslednja prilika za kupovinu","","","","","","https://www.ikea.com/rs/sr/images/products/tornviken-polica-za-vino-siva__0593892_pe675425_s5.jpg?f=xxs","","https://www.ikea.com/rs/sr/images/products/tornviken-polica-za-vino-siva__0862777_pe691950_s5.jpg?f=xxs"
"1771928368-137","https://www.ikea.com/rs/sr/cat/posude-za-hranu-15937/?page=7","Polica za boce, 46x36x181 cm","OMAR","(59)","8.998","Cena 8998RSD","Cena 8998RSD","","","","","","Uporedi","8.998","RSD","Na zalihama u Beograd","","RSD","","","","","","","https://www.ikea.com/rs/sr/images/products/omar-polica-za-boce__0651120_pe706763_s5.jpg?f=xxs","","https://www.ikea.com/rs/sr/images/products/omar-polica-za-boce__0911736_pe691228_s5.jpg?f=xxs"
"1771928368-138","https://www.ikea.com/rs/sr/cat/posude-za-hranu-15937/?page=7","Poklopac, veliko pravougaono/bambus, 32x21 cm","IKEA 365+","(20)","799","Cena 799RSD","Cena 799RSD","","","","","","Uporedi","799","RSD","Na zalihama u Beograd","","RSD","","","","","","","https://www.ikea.com/rs/sr/images/products/ikea-365-poklopac-veliko-pravougaono-bambus__1383819_pe962683_s5.jpg?f=xxs","","https://www.ikea.com/rs/sr/images/products/ikea-365-poklopac-veliko-pravougaono-bambus__1398147_pe967868_s5.jpg?f=xxs"
"1771928368-139","https://www.ikea.com/rs/sr/cat/posude-za-hranu-15937/?page=7","Poklopac, kvadrat/bambus","IKEA 365+","(987)","250","Cena 250RSD","Cena 250RSD","","","","","","Uporedi","250","RSD","Na zalihama u Beograd","","RSD","","","","","","","https://www.ikea.com/rs/sr/images/products/ikea-365-poklopac-kvadrat-bambus__0710815_pe727779_s5.jpg?f=xxs","","https://www.ikea.com/rs/sr/images/products/ikea-365-poklopac-kvadrat-bambus__1414273_pe974748_s5.jpg?f=xxs"
"1771928368-140","https://www.ikea.com/rs/sr/cat/posude-za-hranu-15937/?page=7","Poklopac, veliko pravougaono/plastika","IKEA 365+","(3181)","349","Cena 349RSD","Cena 349RSD","","","","","","Uporedi","349","RSD","Na zalihama u Beograd","","RSD","","","","","","","https://www.ikea.com/rs/sr/images/products/ikea-365-poklopac-veliko-pravougaono-plastika__0623106_pe690934_s5.jpg?f=xxs","","https://www.ikea.com/rs/sr/images/products/ikea-365-poklopac-veliko-pravougaono-plastika__1301434_pe937429_s5.jpg?f=xxs"
"1771928368-141","https://www.ikea.com/rs/sr/cat/posude-za-hranu-15937/?page=7","Vreća za odlaganje hrane, za suvu robu, 3.3 l","GULLRISMOTT","","499","Cena 499RSD/2 komada","Cena 499RSD/2 komada","/2 komada","","","","","Uporedi","499","RSD","Nizak nivo zaliha u Beograd","","RSD","","","","","","","https://www.ikea.com/rs/sr/images/products/gullrismott-vreca-za-odlaganje-hrane-za-suvu-robu__1301424_pe937417_s5.jpg?f=xxs","","https://www.ikea.com/rs/sr/images/products/gullrismott-vreca-za-odlaganje-hrane-za-suvu-robu__1340193_pe948544_s5.jpg?f=xxs"
"1771928368-142","https://www.ikea.com/rs/sr/cat/posude-za-hranu-15937/?page=7","Složiva kut. za ručak za suvu hranu, svetla sivobež","UTBJUDA","(354)","499","Cena 499RSD","Cena 499RSD","","","","","","Uporedi","499","RSD","Nizak nivo zaliha u Beograd","","RSD","","","","","","","https://www.ikea.com/rs/sr/images/products/utbjuda-sloziva-kut-za-rucak-za-suvu-hranu-svetla-sivobez__1062121_pe850668_s5.jpg?f=xxs","","https://www.ikea.com/rs/sr/images/products/utbjuda-sloziva-kut-za-rucak-za-suvu-hranu-svetla-sivobez__1062117_pe850667_s5.jpg?f=xxs"
"1771928368-143","https://www.ikea.com/rs/sr/cat/posude-za-hranu-15937/?page=7","Posuda za hranu, kvadrat/nerđajući čelik, 600 ml","IKEA 365+","(1227)","499","Cena 499RSD","Cena 499RSD","","","","","","Uporedi","499","RSD","Na zalihama u Beograd","","RSD","","","","","","","https://www.ikea.com/rs/sr/images/products/ikea-365-posuda-za-hranu-kvadrat-nerdajuci-celik__1301430_pe937423_s5.jpg?f=xxs","","https://www.ikea.com/rs/sr/images/products/ikea-365-posuda-za-hranu-kvadrat-nerdajuci-celik__1414273_pe974748_s5.jpg?f=xxs"
"1771928368-144","https://www.ikea.com/rs/sr/cat/posude-za-hranu-15937/?page=7","Flaša za vodu, nerđajući čelik/bež, 0.5 l","ENKELSPÅRIG","(666)","599","Cena 599RSD","Cena 599RSD","","","","","","Uporedi","599","RSD","Nema na zalihama u Beograd","","RSD","","","","","","","https://www.ikea.com/rs/sr/images/products/enkelsparig-flasa-za-vodu-nerdajuci-celik-bez__0985523_pe816659_s5.jpg?f=xxs","","https://www.ikea.com/rs/sr/images/products/enkelsparig-flasa-za-vodu-nerdajuci-celik-bez__1042428_pe841385_s5.jpg?f=xxs"
"1771928368-145","https://www.ikea.com/rs/sr/cat/posude-za-hranu-15937/?page=7","Posuda za hranu s poklopcem, kvadrat nerđajući čelik/bambus, 600 ml","IKEA 365+","(64)","749","Cena 749RSD","Cena 749RSD","","","","","","Uporedi","749","RSD","Na zalihama u Beograd","","RSD","","","","","","","https://www.ikea.com/rs/sr/images/products/ikea-365-posuda-za-hranu-s-poklopcem-kvadrat-nerdajuci-celik-bambus__1301439_pe937433_s5.jpg?f=xxs","","https://www.ikea.com/rs/sr/images/products/ikea-365-posuda-za-hranu-s-poklopcem-kvadrat-nerdajuci-celik-bambus__1414273_pe974748_s5.jpg?f=xxs"
"1771928368-146","https://www.ikea.com/rs/sr/cat/posude-za-hranu-15937/?page=7","Konzerva s poklopcem, za suvu hranu/bledoplava, 3.1 l","BETTHAJ","(47)","599","Cena 599RSD","Cena 599RSD","","","","","","Uporedi","599","RSD","Vraća se u Beograd za 2 nedelja","Novo","RSD","","","","","","","https://www.ikea.com/rs/sr/images/products/betthaj-konzerva-s-poklopcem-za-suvu-hranu-bledoplava__1432527_pe982819_s5.jpg?f=xxs","","https://www.ikea.com/rs/sr/images/products/betthaj-konzerva-s-poklopcem-za-suvu-hranu-bledoplava__1441678_pe986571_s5.jpg?f=xxs"
"1771928368-147","https://www.ikea.com/rs/sr/cat/posude-za-hranu-15937/?page=7","Vrećica s kopčom, dezenirano crvena/roze, 2.5/1.2 l","ISTAD","(1529)","299","Cena 299RSD/50 komada","Cena 299RSD/50 komada","/50 komada","","","","","Uporedi","299","RSD","Vraća se u Beograd za 2 nedelja","IKEA Family cena","RSD","","","399","RSD","Redovna cena 399RSD/50 komada","Redovna cena","https://www.ikea.com/rs/sr/images/products/istad-vrecica-s-kopcom-dezenirano-crvena-roze__1080636_pe858406_s5.jpg?f=xxs","","https://www.ikea.com/rs/sr/images/products/istad-vrecica-s-kopcom-dezenirano-crvena-roze__1080634_pe858404_s5.jpg?f=xxs"
"1771928368-148","https://www.ikea.com/rs/sr/cat/posude-za-hranu-15937/?page=7","Posuda za hranu s poklopcem, 3 kom., staklo","BESTÄMMA","(504)","599","Cena 599RSD/3 komada","Cena 599RSD/3 komada","/3 komada","","","","","Uporedi","599","RSD","Vraća se u Beograd za 3 nedelja","","RSD","","","","","","","https://www.ikea.com/rs/sr/images/products/bestaemma-posuda-za-hranu-s-poklopcem-3-kom-staklo__1045018_pe842382_s5.jpg?f=xxs","","https://www.ikea.com/rs/sr/images/products/bestaemma-posuda-za-hranu-s-poklopcem-3-kom-staklo__1045017_pe842383_s5.jpg?f=xxs"
"1771928368-149","https://www.ikea.com/rs/sr/cat/posude-za-hranu-15937/?page=7","Vreća za odlaganje hrane, za krompir, 9.0 l","GULLRISMOTT","","799","Cena 799RSD/2 komada","Cena 799RSD/2 komada","/2 komada","","","","","Uporedi","799","RSD","Vraća se u Beograd za 2 nedelja","","RSD","","","","","","","https://www.ikea.com/rs/sr/images/products/gullrismott-vreca-za-odlaganje-hrane-za-krompir__1301426_pe937419_s5.jpg?f=xxs","","https://www.ikea.com/rs/sr/images/products/gullrismott-vreca-za-odlaganje-hrane-za-krompir__1340193_pe948544_s5.jpg?f=xxs"
"1771928368-150","https://www.ikea.com/rs/sr/cat/posude-za-hranu-15937/?page=7","Konzerva s poklopcem, za kolačiće/bledožuta bledoplava, 2.5 l","BETTHAJ","(40)","999","Cena 999RSD/2 komada","Cena 999RSD/2 komada","/2 komada","","","","","Uporedi","999","RSD","Vraća se u Beograd za 2 nedelja","Novo","RSD","","","","","","","https://www.ikea.com/rs/sr/images/products/betthaj-konzerva-s-poklopcem-za-kolacice-bledozuta-bledoplava__1432525_pe982818_s5.jpg?f=xxs","","https://www.ikea.com/rs/sr/images/products/betthaj-konzerva-s-poklopcem-za-kolacice-bledozuta-bledoplava__1501887_pe1007485_s5.jpg?f=xxs"
"1771928368-151","https://www.ikea.com/rs/sr/cat/posude-za-hranu-15937/?page=7","Tegla u obliku flaše s poklopcem, bistro staklo, 1 l","KORKEN","(259)","499","Cena 499RSD","Cena 499RSD","","","","","","Uporedi","499","RSD","Vraća se u Beograd za 2 nedelja","","RSD","","","","","","","https://www.ikea.com/rs/sr/images/products/korken-tegla-u-obliku-flase-s-poklopcem-bistro-staklo__1152252_pe885219_s5.jpg?f=xxs","","https://www.ikea.com/rs/sr/images/products/korken-tegla-u-obliku-flase-s-poklopcem-bistro-staklo__1425407_pe979523_s5.jpg?f=xxs"
"1771928368-152","https://www.ikea.com/rs/sr/cat/posude-za-hranu-15937/?page=7","1 odeljak/stalaže za boce, borovina/siva, 89x30x124 cm","IVAR","(2)","8.600","Cena 8600RSD","Cena 8600RSD","","","","","","Uporedi","8.600","RSD","Nema na zalihama u Beograd","","RSD","","","","","","","https://www.ikea.com/rs/sr/images/products/ivar-1-odeljak-stalaze-za-boce-borovina-siva__0626015_pe692561_s5.jpg?f=xxs","","https://www.ikea.com/rs/sr/images/products/ivar-1-odeljak-stalaze-za-boce-borovina-siva__1404847_pe970240_s5.jpg?f=xxs"
"1771928368-153","https://www.ikea.com/rs/sr/cat/posude-za-hranu-15937/?page=7","1 odeljak/police/stalaže za boce, borovina, 89x30x124 cm","IVAR","(1)","8.400","Cena 8400RSD","Cena 8400RSD","","","","","","Uporedi","8.400","RSD","Nema na zalihama u Beograd","","RSD","","","","","","","https://www.ikea.com/rs/sr/images/products/ivar-1-odeljak-police-stalaze-za-boce-borovina__0924449_pe788574_s5.jpg?f=xxs","","https://www.ikea.com/rs/sr/images/products/ivar-1-odeljak-police-stalaze-za-boce-borovina__1192723_pe901224_s5.jpg?f=xxs"
